1	手掌软硬度异常
0	常异度硬软掌手
1	多发性针尖样瘀点
0	点瘀样尖针性发多
1	肩臂外侧的感觉障碍和功能受限
0	限受能功和碍障觉感的侧外臂肩
1	下肢或周身软瘫
0	瘫软身周或肢下
1	累及整个腹腔的腹膜炎
0	炎膜腹的腔腹个整及累
1	皮肤黏膜出血
0	血出膜黏肤皮
1	言语自动症
0	症动自语言
1	脉搏短绌
0	绌短搏脉
1	吞咽时胸痛
0	痛胸时咽吞
1	眼结膜水肿及角膜溃疡
0	疡溃膜角及肿水膜结眼
1	带血性分泌物
0	物泌分性血带
1	蓝黄色盲
0	盲色黄蓝
1	骨核出现迟
0	迟现出核骨
1	失水
0	水失
1	皮肤粘连
0	连粘肤皮
1	晕轮效应
0	应效轮晕
1	口唇出血
0	血出唇口
1	肝淤血
0	血淤肝
1	颌下腺导管口有咸味或脓性分泌物排出
0	出排物泌分性脓或味咸有口管导腺下颌
1	脓疱
0	疱脓
1	小儿尿血
0	血尿儿小
1	运动腹痛
0	痛腹动运
1	下腹部钝痛和酸胀感
0	感胀酸和痛钝部腹下
1	肢端发绀
0	绀发端肢
1	雄激素过多
0	多过素激雄
1	趾短小
0	小短趾
1	耳壳的干性坏死
0	死坏性干的壳耳
1	喉部痉挛
0	挛痉部喉
1	低血磷
0	磷血低
1	汗闭现象
0	象现闭汗
1	栓塞性肾炎
0	炎肾性塞栓
1	餐后血糖高
0	高糖血后餐
1	局部压痛
0	痛压部局
1	睑结膜硬而扁平的乳头
0	头乳的平扁而硬膜结睑
1	右侧束支传导阻滞
0	滞阻导传支束侧右
1	阑尾缺血充血
0	血充血缺尾阑
1	骨痒
0	痒骨
1	颌骨发育过度
0	度过育发骨颌
1	拔牙后出血不止
0	止不血出后牙拔
1	毛发干枯
0	枯干发毛
1	低磷血症
0	症血磷低
1	重度痛
0	痛度重
1	耳痒
0	痒耳
1	腰酸
0	酸腰
1	新生儿期癫痫持续状态
0	态状续持痫癫期儿生新
1	卵巢性多毛
0	毛多性巢卵
1	被迫体位
0	位体迫被
1	纤维结构不良
0	良不构结维纤
1	胸膜摩擦音
0	音擦摩膜胸
1	肺实变
0	变实肺
1	易跌倒
0	倒跌易
1	埋藏齿
0	齿藏埋
1	皮质素不足
0	足不素质皮
1	色情行为
0	为行情色
1	营养障碍
0	碍障养营
1	髋外侧可见皮下瘀血斑
0	斑血瘀下皮见可侧外髋
1	高血氮
0	氮血高
1	脉缓
0	缓脉
1	肛门湿疹瘙痒
0	痒瘙疹湿门肛
1	肝功能不全
0	全不能功肝
1	肘外侧夜间痛
0	痛间夜侧外肘
1	肾包膜过度膨胀
0	胀膨度过膜包肾
1	回肠重复畸形
0	形畸复重肠回
1	皮损似干燥的灰泥样
0	样泥灰的燥干似损皮
1	低血钾
0	钾血低
1	一侧阴囊内逐渐增大的无痛性肿块
0	块肿性痛无的大增渐逐内囊阴侧一
1	疱疹
0	疹疱
1	脚趾皮肤黄泡后紫黑
0	黑紫后泡黄肤皮趾脚
1	肝病容
0	容病肝
1	手、足部厚壁水疱
0	疱水壁厚部足、手
1	内脏出血
0	血出脏内
1	老年妇女乳房增大
0	大增房乳女妇年老
1	人格解体
0	体解格人
1	胎儿酒精影响
0	响影精酒儿胎
1	胎儿宫内窒息
0	息窒内宫儿胎
1	牙龈深红或暗红色
0	色红暗或红深龈牙
1	腹部伤口流出粪便样物
0	物样便粪出流口伤部腹
1	肝腹水
0	水腹肝
1	步态异常
0	常异态步
1	孕妇非妊娠原因的腹痛
0	痛腹的因原娠妊非妇孕
1	悬垂型心脏
0	脏心型垂悬
1	黄色结节
0	节结色黄
1	脚底干裂
0	裂干底脚
1	非怀孕的下腹增大
0	大增腹下的孕怀非
1	肠道张力减低
0	低减力张道肠
1	数目较多的咖啡牛奶斑
0	斑奶牛啡咖的多较目数
1	颈肩痛
0	痛肩颈
1	肌肉压痛
0	痛压肉肌
1	蹼状瘢痕
0	痕瘢状蹼
1	腹壁切口处有肿物突出
0	出突物肿有处口切壁腹
1	打软腿
0	腿软打
1	情绪低落
0	落低绪情
1	视觉失认
0	认失觉视
1	溃疡疼痛
0	痛疼疡溃
1	膈麻痹
0	痹麻膈
1	蹒跚步态
0	态步跚蹒
1	蜂窝肺
0	肺窝蜂
1	颅面骨畸形
0	形畸骨面颅
1	脉搏快而弱
0	弱而快搏脉
1	尿道口疼
0	疼口道尿
1	屈光参差性弱视
0	视弱性差参光屈
1	四肢发冷
0	冷发肢四
1	双眉间长痘
0	痘长间眉双
1	非玻璃体的病变眼前飞蚊
0	蚊飞前眼变病的体璃玻非
1	癫痫性头痛
0	痛头性痫癫
1	触觉失调
0	调失觉触
1	四边孔处的局限压痛
0	痛压限局的处孔边四
1	出生后"四凹征"
0	"征凹四"后生出
1	乳房早发育
0	育发早房乳
1	眼睑异物
0	物异睑眼
1	口齿不清
0	清不齿口
1	青春期身体发育缓慢
0	慢缓育发体身期春青
1	蝶形骨折
0	折骨形蝶
1	胸腺高度萎缩
0	缩萎度高腺胸
1	食指和中指僵硬痛麻
0	麻痛硬僵指中和指食
1	构音不清
0	清不音构
1	肘关节伸直位内翻角增大
0	大增角翻内位直伸节关肘
1	咽喉炎
0	炎喉咽
1	月经发黑
0	黑发经月
1	呼吸气为蒜臭味
0	味臭蒜为气吸呼
1	红视
0	视红
1	限局性巩膜膨隆肿物
0	物肿隆膨膜巩性局限
1	咳嗽伴哮鸣音
0	音鸣哮伴嗽咳
1	交感神经代偿性亢进
0	进亢性偿代经神感交
1	卓-艾综合征
0	征合综艾-卓
1	鼻塞排出脓性或血性分泌物
0	物泌分性血或性脓出排塞鼻
1	弦脉
0	脉弦
1	肢体的非凹性水肿
0	肿水性凹非的体肢
1	风湿性多发性肌痛症
0	症痛肌性发多性湿风
1	收缩压下降
0	降下压缩收
1	排尿时外阴灼热、瘙痒或疼痛
0	痛疼或痒瘙、热灼阴外时尿排
1	心理年龄小于生理年龄
0	龄年理生于小龄年理心
1	顽固性便秘
0	秘便性固顽
1	婴儿睡觉不踏实
0	实踏不觉睡儿婴
1	腹股沟处或闭孔处肿胀
0	胀肿处孔闭或处沟股腹
1	肌肉挫伤
0	伤挫肉肌
1	血液改变
0	变改液血
1	肾动脉硬化
0	化硬脉动肾
1	停经
0	经停
1	肘部的肿胀压痛
0	痛压胀肿的部肘
1	局限性肌张力障碍
0	碍障力张肌性限局
1	髋关节积液
0	液积节关髋
1	排便不尽感
0	感尽不便排
1	咯血伴胸痛
0	痛胸伴血咯
1	水肿伴蛋白尿
0	尿白蛋伴肿水
1	痛阈降低
0	低降阈痛
1	下半身无汗或少汗
0	汗少或汗无身半下
1	眦部缺损或眦缺损
0	损缺眦或损缺部眦
1	胃内翻腾或搅拌感
0	感拌搅或腾翻内胃
1	视近困难
0	难困近视
1	胸腰段背部或臀部的疼痛
0	痛疼的部臀或部背段腰胸
1	口渴
0	渴口
1	移动性浊音
0	音浊性动移
1	外斜V征
0	征V斜外
1	应激功能减退
0	退减能功激应
1	上腹壁的中央线缺损
0	损缺线央中的壁腹上
1	脱肛
0	肛脱
1	流清涕
0	涕清流
1	皮肤为金属颜色或石板灰色
0	色灰板石或色颜属金为肤皮
1	一时性便秘
0	秘便性时一
1	痛性红舌
0	舌红性痛
1	双侧下腹坠痛
0	痛坠腹下侧双
1	呼吸减慢而不规则
0	则规不而慢减吸呼
1	甲状腺机能亢进
0	进亢能机腺状甲
1	脊突叩痛
0	痛叩突脊
1	膝关节肿胀积血
0	血积胀肿节关膝
1	口甜
0	甜口
1	肘部扭伤
0	伤扭部肘
1	黏膜干燥
0	燥干膜黏
1	乳房组织大块坏死
0	死坏块大织组房乳
1	呈肾上腺素能依赖性
0	性赖依能素腺上肾呈
1	阴茎短
0	短茎阴
1	眼球运动偏斜扭转
0	转扭斜偏动运球眼
1	嗜红细胞综合征
0	征合综胞细红嗜
1	膀胱容量的减少
0	少减的量容胱膀
1	骶骨处持续性疼痛
0	痛疼性续持处骨骶
1	鼠尾征
0	征尾鼠
1	脾紫癜
0	癜紫脾
1	细菌性心内膜炎
0	炎膜内心性菌细
1	心内分流为右向左
0	左向右为流分内心
1	神志模糊
0	糊模志神
1	皮肤胎痣
0	痣胎肤皮
1	心脏排血受阻
0	阻受血排脏心
1	面部闪电疼痛
0	痛疼电闪部面
1	肌腱拉伤
0	伤拉腱肌
1	排便频率异常
0	常异率频便排
1	老人行动迟缓
0	缓迟动行人老
1	虹膜缺损
0	损缺膜虹
1	网状青斑和坏疽
0	疽坏和斑青状网
1	二碱基氨基酸尿症
0	症尿酸基氨基碱二
1	中枢性耳聋
0	聋耳性枢中
1	心包膜发炎
0	炎发膜包心
1	毒血症
0	症血毒
1	药物过敏反应
0	应反敏过物药
1	无胡须腋毛和阴毛
0	毛阴和毛腋须胡无
1	指甲上起小细粒
0	粒细小起上甲指
1	头目晕沉
0	沉晕目头
1	高位截瘫
0	瘫截位高
1	活动受限
0	限受动活
1	脑干梗塞
0	塞梗干脑
1	流鼻血
0	血鼻流
1	镇静药中毒
0	毒中药静镇
1	缺碘
0	碘缺
1	尿比重下降
0	降下重比尿
1	足底和足背浮肿
0	肿浮背足和底足
1	中度精神发育迟滞
0	滞迟育发神精度中
1	腋窝痛
0	痛窝腋
1	颈部淋巴结肿大
0	大肿结巴淋部颈
1	口腔溃疡
0	疡溃腔口
1	产后垂体坏死
0	死坏体垂后产
1	急性面容
0	容面性急
1	骨髓造血细胞再生障碍
0	碍障生再胞细血造髓骨
1	钙化灶
0	灶化钙
1	鼓腮和吹口哨漏气
0	气漏哨口吹和腮鼓
1	疼痛性股白肿
0	肿白股性痛疼
1	铅管样强直
0	直强样管铅
1	卵巢功能障碍
0	碍障能功巢卵
1	"咳嗽水"上瘾
0	瘾上"水嗽咳"
1	白痰
0	痰白
1	精神运动性活动变坏
0	坏变动活性动运神精
1	隐睾
0	睾隐
1	醛固酮分泌增多
0	多增泌分酮固醛
1	嗜盐
0	盐嗜
1	前臂及手部肌群的缺血性挛缩
0	缩挛性血缺的群肌部手及臂前
1	脊柱生理弯曲消失
0	失消曲弯理生柱脊
1	肺性肥大
0	大肥性肺
1	发作性嗜睡和食欲亢进
0	进亢欲食和睡嗜性作发
1	眼充血
0	血充眼
1	睑结膜的巨大乳头
0	头乳大巨的膜结睑
1	手肌肉萎缩
0	缩萎肉肌手
1	酒精过敏
0	敏过精酒
1	静止性结石
0	石结性止静
1	脑膜刺激症状
0	状症激刺膜脑
1	劳力性晕厥
0	厥晕性力劳
1	锁骨上及前斜角肌淋巴结肿大
0	大肿结巴淋肌角斜前及上骨锁
1	乳腺刺痛
0	痛刺腺乳
1	月经时多时少且淋漓不断
0	断不漓淋且少时多时经月
1	吸吮反射阳性
0	性阳射反吮吸
1	钩骨附近的压痛
0	痛压的近附骨钩
1	肠道吸收水分增加
0	加增分水收吸道肠
1	溃疡
0	疡溃
1	额区感觉减退
0	退减觉感区额
1	生长激素分泌过少
0	少过泌分素激长生
1	肝细胞索支架塌陷
0	陷塌架支索胞细肝
1	犬吠样咳嗽
0	嗽咳样吠犬
1	产褥期恶露
0	露恶期褥产
1	面色潮红
0	红潮色面
1	韧带拉伤
0	伤拉带韧
1	白头粉刺
0	刺粉头白
1	异嗜酸癖
0	癖酸嗜异
1	撕脱骨折
0	折骨脱撕
1	继发性视神经萎缩
0	缩萎经神视性发继
1	鼻子颜色苍白
0	白苍色颜子鼻
1	皮肤多痣
0	痣多肤皮
1	人中圆凸
0	凸圆中人
1	巩膜小泡
0	泡小膜巩
1	单纯醉酒
0	酒醉纯单
1	红斑结节
0	节结斑红
1	神经干断裂
0	裂断干经神
1	听力缺陷
0	陷缺力听
1	食道病变
0	变病道食
1	沥青烧伤
0	伤烧青沥
1	胃内有异物
0	物异有内胃
1	表皮角化
0	化角皮表
1	甲状腺肿大
0	大肿腺状甲
1	眼前异常闪光
0	光闪常异前眼
1	唾液腺肿大
0	大肿腺液唾
1	骨髓损害
0	害损髓骨
1	节段性分离性感觉障碍
0	碍障觉感性离分性段节
1	脓尿
0	尿脓
1	进行性消瘦
0	瘦消性行进
1	四音心律
0	律心音四
1	两臂不能上举而成垂肩
0	肩垂成而举上能不臂两
1	耻区肿块
0	块肿区耻
1	心肌坏死广泛
0	泛广死坏肌心
1	脐血
0	血脐
1	肝内钙化
0	化钙内肝
1	易性别癖
0	癖别性易
1	氮质血症
0	症血质氮
1	足畸形
0	形畸足
1	多克隆型冷球蛋白血症
0	症血白蛋球冷型隆克多
1	血管过敏性炎症
0	症炎性敏过管血
1	对称性肌无力
0	力无肌性称对
1	块状痰
0	痰状块
1	脑器质性精神障碍
0	碍障神精性质器脑
1	强迫观念
0	念观迫强
1	持续性疼痛
0	痛疼性续持
1	腕关节向尺侧偏斜时桡侧出现剧痛
0	痛剧现出侧桡时斜偏侧尺向节关腕
1	肺动脉杂音
0	音杂脉动肺
1	头昏眼花
0	花眼昏头
1	脊髓前角病变
0	变病角前髓脊
1	偏侧不注意
0	意注不侧偏
1	骨斑点
0	点斑骨
1	外伤性低位截瘫
0	瘫截位低性伤外
1	眼前冒紫烟
0	烟紫冒前眼
1	血虚
0	虚血
1	动眼危象
0	象危眼动
1	偏斜骨盆
0	盆骨斜偏
1	交替脉
0	脉替交
1	全身弥漫性潮红
0	红潮性漫弥身全
1	顽固性疼痛
0	痛疼性固顽
1	呼吸浅慢
0	慢浅吸呼
1	腓肠肌压痛
0	痛压肌肠腓
1	晚发月经
0	经月发晚
1	产后恶露不净有臭味
0	味臭有净不露恶后产
1	眼球内陷
0	陷内球眼
1	皮肤钙沉着
0	着沉钙肤皮
1	脓鼻涕增多且不易擤尽
0	尽擤易不且多增涕鼻脓
1	皮肤黏膜紫斑
0	斑紫膜黏肤皮
1	颌突畸形
0	形畸突颌
1	巨大颅骨缺损
0	损缺骨颅大巨
1	手指和足趾无痛性软组织肿块
0	块肿织组软性痛无趾足和指手
1	泌乳障碍
0	碍障乳泌
1	缄默症
0	症默缄
1	白色尿液
0	液尿色白
1	肢体远侧常有麻痛
0	痛麻有常侧远体肢
1	腹部血管杂音
0	音杂管血部腹
1	神经伤
0	伤经神
1	灼痛
0	痛灼
1	前期妊娠反应
0	应反娠妊期前
1	扭伤
0	伤扭
1	背部长痘
0	痘长部背
1	毛囊角栓
0	栓角囊毛
1	脂肪代谢障碍
0	碍障谢代肪脂
1	湿疣
0	疣湿
1	肛管狭窄
0	窄狭管肛
1	红鼻头
0	头鼻红
1	胰腺外分泌功能不良
0	良不能功泌分外腺胰
1	反复舔吮口唇
0	唇口吮舔复反
1	掌跖发红
0	红发跖掌
1	胆囊增大
0	大增囊胆
1	假日心脏综合征
0	征合综脏心日假
1	单纯骨折
0	折骨纯单
1	鼻翼两侧脱皮
0	皮脱侧两翼鼻
1	脾功能亢进
0	进亢能功脾
1	高热不退
0	退不热高
1	颈椎间盘突出
0	出突盘间椎颈
1	核黄疸
0	疸黄核
1	发热伴咳嗽、咯痰、胸痛
0	痛胸、痰咯、嗽咳伴热发
1	尿道口有红斑和水肿
0	肿水和斑红有口道尿
1	胃丢失蛋白
0	白蛋失丢胃
1	上睑下垂
0	垂下睑上
1	肾小球滤过率下降
0	降下率过滤球小肾
1	胃食管反流症状
0	状症流反管食胃
1	疥疮结节
0	节结疮疥
1	枕部疼痛
0	痛疼部枕
1	静脉内持续性血流
0	流血性续持内脉静
1	呼吸功能衰竭
0	竭衰能功吸呼
1	眼花
0	花眼
1	感觉性共济失调步态
0	态步调失济共性觉感
1	大块肝细胞坏死
0	死坏胞细肝块大
1	方肩畸形
0	形畸肩方
1	寒战
0	战寒
1	病理性醉酒
0	酒醉性理病
1	真性菌尿
0	尿菌性真
1	干胁痛
0	痛胁干
1	面部蝶形红斑
0	斑红形蝶部面
1	基底节出血
0	血出节底基
1	血肿形成
0	成形肿血
1	瘀斑
0	斑瘀
1	肠道转运障碍
0	碍障运转道肠
1	瞳孔大小不等
0	等不小大孔瞳
1	痴笑
0	笑痴
1	新生儿脐部出血
0	血出部脐儿生新
1	进食呕吐
0	吐呕食进
1	站立不稳
0	稳不立站
1	HIV感染
0	染感VIH
1	溃疡外观呈菜花样
0	样花菜呈观外疡溃
1	血浆胆固醇水平高
0	高平水醇固胆浆血
1	胰腺纤维化
0	化维纤腺胰
1	扁桃体上有灰色膜
0	膜色灰有上体桃扁
1	层状鱼鳞癣
0	癣鳞鱼状层
1	喉肌无力
0	力无肌喉
1	皮肤的非干酪性肉芽肿
0	肿芽肉性酪干非的肤皮
1	骨外团块
0	块团外骨
1	躯干畸形弯曲
0	曲弯形畸干躯
1	皮质胶质增生
0	生增质胶质皮
1	发育性骨盆异常
0	常异盆骨性育发
1	咽喉干燥及灼热感
0	感热灼及燥干喉咽
1	胎儿不完全臀先露
0	露先臀全完不儿胎
1	失读
0	读失
1	难免早产
0	产早免难
1	乏力
0	力乏
1	妊娠期间甲亢
0	亢甲间期娠妊
1	桶状胸
0	胸状桶
1	颈部粗
0	粗部颈
1	转氨酶异常增高
0	高增常异酶氨转
1	齿龈有蓝线
0	线蓝有龈齿
1	阴道口局部红肿热痛
0	痛热肿红部局口道阴
1	光过敏
0	敏过光
1	跖纹
0	纹跖
1	表演型人格障碍
0	碍障格人型演表
1	全身皮肤粗厚
0	厚粗肤皮身全
1	颅内出血
0	血出内颅
1	四肢对称性软瘫
0	瘫软性称对肢四
1	绿色弱
0	弱色绿
1	急性阴道感染
0	染感道阴性急
1	劳累后感觉胸闷
0	闷胸觉感后累劳
1	眼前发黑
0	黑发前眼
1	呛咳
0	咳呛
1	神经束内神经纤维损伤
0	伤损维纤经神内束经神
1	肢体运动不协调
0	调协不动运体肢
1	核上性垂直性眼肌瘫痪
0	痪瘫肌眼性直垂性上核
1	巨乳
0	乳巨
1	鼻唇沟变浅
0	浅变沟唇鼻
1	去质状态
0	态状质去
1	肾小球有病理形态改变
0	变改态形理病有球小肾
1	胃石形成
0	成形石胃
1	睡眠节律紊乱
0	乱紊律节眠睡
1	过度换气引起晕厥
0	厥晕起引气换度过
1	缺铁性贫血
0	血贫性铁缺
1	声音嘶哑
0	哑嘶音声
1	肌腱囊肿
0	肿囊腱肌
1	鼻子发黑
0	黑发子鼻
1	残株型骨折
0	折骨型株残
1	绿色尿
0	尿色绿
1	皮质性遗忘症
0	症忘遗性质皮
1	生理性腹泻
0	泻腹性理生
1	强迫型人格障碍
0	碍障格人型迫强
1	突发、无痛的局部水肿
0	肿水部局的痛无、发突
1	臀沟下垂状跛行步态
0	态步行跛状垂下沟臀
1	小儿哭闹不安
0	安不闹哭儿小
1	锥体束病损
0	损病束体锥
1	腹痛伴血尿
0	尿血伴痛腹
1	盆腔包块
0	块包腔盆
1	种植播散
0	散播植种
1	胎盘前置
0	置前盘胎
1	牙移位
0	位移牙
1	毒性表现
0	现表性毒
1	酒精中毒性偏执状态
0	态状执偏性毒中精酒
1	脉压缩小
0	小缩压脉
1	胸腔出口综合征
0	征合综口出腔胸
1	指甲干瘪
0	瘪干甲指
1	运动或情绪激动诱发的胸痛
0	痛胸的发诱动激绪情或动运
1	手掌疤痕畸形
0	形畸痕疤掌手
1	腺体结节
0	节结体腺
1	直腿伸踝试验阳性
0	性阳验试踝伸腿直
1	下肢动作沉重
0	重沉作动肢下
1	指(趾)麻木
0	木麻)趾(指
1	肝掌
0	掌肝
1	夜间盗汗
0	汗盗间夜
1	手臂肌肉拉伤
0	伤拉肉肌臂手
1	婴儿说话晚
0	晚话说儿婴
1	前臂外侧和手指触电样疼痛
0	痛疼样电触指手和侧外臂前
1	青春前期闭经
0	经闭期前春青
1	直立性低血压晕厥
0	厥晕压血低性立直
1	瘀血积聚
0	聚积血瘀
1	毛细血管扩张症
0	症张扩管血细毛
1	孕妇胃痛
0	痛胃妇孕
1	象限性偏盲
0	盲偏性限象
1	腭部有黑色焦痂
0	痂焦色黑有部腭
1	偏执型人格障碍
0	碍障格人型执偏
1	腕关节桡侧部位的疼痛
0	痛疼的位部侧桡节关腕
1	卧床不起
0	起不床卧
1	孕产妇腰痛
0	痛腰妇产孕
1	经期延长
0	长延期经
1	遗传性果糖不耐受
0	受耐不糖果性传遗
1	运动性忽略症
0	症略忽性动运
1	伸指无力
0	力无指伸
1	睡觉背部酸痛
0	痛酸部背觉睡
1	水钠的蓄积
0	积蓄的钠水
1	阴茎损伤
0	伤损茎阴
1	寰枢脱位
0	位脱枢寰
1	额叶癫痫的扣带回发作
0	作发回带扣的痫癫叶额
1	急性尿潴留
0	留潴尿性急
1	第5指短小弯曲
0	曲弯小短指5第
1	心包破损伤
0	伤损破包心
1	尿道弥漫性浸润
0	润浸性漫弥道尿
1	反复肺不张
0	张不肺复反
1	皮肤硬化
0	化硬肤皮
1	脂溶性维生素缺乏
0	乏缺素生维性溶脂
1	眶周青紫
0	紫青周眶
1	胆囊运动障碍
0	碍障动运囊胆
1	手握物无力
0	力无物握手
1	臀中肌麻痹步态
0	态步痹麻肌中臀
1	促甲状腺激素释放激素缺乏
0	乏缺素激放释素激腺状甲促
1	盲点
0	点盲
1	"E"字征
0	征字"E"
1	股骨近侧端变宽
0	宽变端侧近骨股
1	回盲瓣功能不全
0	全不能功瓣盲回
1	妊娠后期水肿
0	肿水期后娠妊
1	灰白色结节
0	节结色白灰
1	尿蛋白
0	白蛋尿
1	蓝色视野缺损
0	损缺野视色蓝
1	呼吸急促
0	促急吸呼
1	排痰无力
0	力无痰排
1	上半身热刺激性多汗
0	汗多性激刺热身半上
1	沮丧
0	丧沮
1	呆滞
0	滞呆
1	贫血貌
0	貌血贫
1	视网膜静脉纡曲怒张
0	张怒曲纡脉静膜网视
1	下颌后缩
0	缩后颌下
1	右心衰竭
0	竭衰心右
1	健忘性失语
0	语失性忘健
1	颈部潮红
0	红潮部颈
1	腰臀部广泛性疼痛并向下放射
0	射放下向并痛疼性泛广部臀腰
1	肠外结核
0	核结外肠
1	结膜变浅或变苍白
0	白苍变或浅变膜结
1	母婴ABO血型不合
0	合不型血OBA婴母
1	食指不明原因疼痛
0	痛疼因原明不指食
1	血管畸形
0	形畸管血
1	黄斑盘状变性
0	性变状盘斑黄
1	排钾过多
0	多过钾排
1	气体弥散障碍
0	碍障散弥体气
1	产褥期幻觉妄想状态
0	态状想妄觉幻期褥产
1	中毒性巨结肠
0	肠结巨性毒中
1	眼睛刺痛
0	痛刺睛眼
1	巨痕症
0	症痕巨
1	小脑性共济失调
0	调失济共性脑小
1	子宫痉挛性狭窄环
0	环窄狭性挛痉宫子
1	昏睡
0	睡昏
1	水肿伴呼吸困难、紫绀
0	绀紫、难困吸呼伴肿水
1	临产后阵痛剧烈
0	烈剧痛阵后产临
1	癫痫的全身强直-阵挛发作
0	作发挛阵-直强身全的痫癫
1	外眼源性眩晕
0	晕眩性源眼外
1	肛区为皮肤覆盖
0	盖覆肤皮为区肛
1	手指撞伤
0	伤撞指手
1	股三角区压痛
0	痛压区角三股
1	心率增快
0	快增率心
1	滑膜增厚
0	厚增膜滑
1	伴厌食恶心
0	心恶食厌伴
1	角膜瘘
0	瘘膜角
1	气管移位
0	位移管气
1	代谢性酸中毒
0	毒中酸性谢代
1	嗅觉倒错
0	错倒觉嗅
1	卵巢性闭经
0	经闭性巢卵
1	贫血
0	血贫
1	鳞屑样痂皮
0	皮痂样屑鳞
1	暴晒后的皮肤损害
0	害损肤皮的后晒暴
1	皮肤湿毒
0	毒湿肤皮
1	睾丸微小
0	小微丸睾
1	数脉
0	脉数
1	开放性损伤
0	伤损性放开
1	喉鸣声
0	声鸣喉
1	腺性或囊性膀胱炎
0	炎胱膀性囊或性腺
1	指纹皱瘪
0	瘪皱纹指
1	食物过敏
0	敏过物食
1	弥漫性下腰痛
0	痛腰下性漫弥
1	喉头痉挛
0	挛痉头喉
1	气不摄血
0	血摄不气
1	血中钙离子过高
0	高过子离钙中血
1	气管阻塞
0	塞阻管气
1	眼睑脓肿
0	肿脓睑眼
1	肌肉撕裂
0	裂撕肉肌
1	剧烈神经根性痛
0	痛性根经神烈剧
1	尿道结石
0	石结道尿
1	手足多汗
0	汗多足手
1	萎缩性痤疮
0	疮痤性缩萎
1	热痰口臭
0	臭口痰热
1	烧伤后脉搏增速
0	速增搏脉后伤烧
1	乳头溢出血性或棕色浆液性液体
0	体液性液浆色棕或性血出溢头乳
1	手腕肿痛及掌屈活动受限
0	限受动活屈掌及痛肿腕手
1	眉间皱纹
0	纹皱间眉
1	胃阴虚
0	虚阴胃
1	频发室性期前收缩
0	缩收前期性室发频
1	咳嗽伴体重减轻
0	轻减重体伴嗽咳
1	情志内伤
0	伤内志情
1	硬下疳
0	疳下硬
1	宫腔分离
0	离分腔宫
1	经期肿胀
0	胀肿期经
1	牙列稀疏
0	疏稀列牙
1	长骨骨骺端钙化不全
0	全不化钙端骺骨骨长
1	呃逆
0	逆呃
1	胸部有过度回响
0	响回度过有部胸
1	胃窦狭窄
0	窄狭窦胃
1	胎儿酒精综合征
0	征合综精酒儿胎
1	掌趾皮肤黄色角化物
0	物化角色黄肤皮趾掌
1	皮肤或粘膜上附着高锰酸钾结晶
0	晶结钾酸锰高着附上膜粘或肤皮
1	短缩舌
0	舌缩短
1	不宁腿综合征
0	征合综腿宁不
1	色汗
0	汗色
1	脐周脓性分泌物较多
0	多较物泌分性脓周脐
1	面肌萎缩
0	缩萎肌面
1	水痘结痂
0	痂结痘水
1	巩膜黄染
0	染黄膜巩
1	前额及颧骨突出
0	出突骨颧及额前
1	不断眨眼
0	眼眨断不
1	脓疱性痤疮
0	疮痤性疱脓
1	苔黄腻
0	腻黄苔
1	心悸伴乏力、面色苍白
0	白苍色面、力乏伴悸心
1	嗜酸性粒细胞增多
0	多增胞细粒性酸嗜
1	胆汁淤滞
0	滞淤汁胆
1	躁狂与昏睡交替
0	替交睡昏与狂躁
1	主动脉窦破裂
0	裂破窦脉动主
1	老年性震颤
0	颤震性年老
1	胃肠感冒
0	冒感肠胃
1	放屁过臭
0	臭过屁放
1	颈部有擦伤痕迹或肿胀
0	胀肿或迹痕伤擦有部颈
1	神经症性反应
0	应反性症经神
1	颈部扭伤
0	伤扭部颈
1	胃肠气胀
0	胀气肠胃
1	月经稀少
0	少稀经月
1	颈部不稳感
0	感稳不部颈
1	小腿肌肉萎缩
0	缩萎肉肌腿小
1	运动气喘
0	喘气动运
1	肝脏肿大
0	大肿脏肝
1	脾栓塞
0	塞栓脾
1	输精管变粗
0	粗变管精输
1	震水音
0	音水震
1	急性呼吸困难
0	难困吸呼性急
1	眼底发现黄斑呈带灰色变色
0	色变色灰带呈斑黄现发底眼
1	呛奶
0	奶呛
1	泻药性便秘
0	秘便性药泻
1	手背部皮肤发红肿胀
0	胀肿红发肤皮部背手
1	趾(指)环状缩窄带
0	带窄缩状环)指(趾
1	食管体平滑肌部分蠕动停止
0	止停动蠕分部肌滑平体管食
1	膝后疼痛
0	痛疼后膝
1	血小板减少
0	少减板小血
1	血性恶露持续时间延长
0	长延间时续持露恶性血
1	眼白发红
0	红发白眼
1	下肢感应痛或放射痛的腰背痛
0	痛背腰的痛射放或痛应感肢下
1	双手轮替动作笨拙
0	拙笨作动替轮手双
1	下腹部反跳痛
0	痛跳反部腹下
1	脉搏细弱甚至不能清楚触及
0	及触楚清能不至甚弱细搏脉
1	结核中毒
0	毒中核结
1	面纹消失
0	失消纹面
1	颈部囊性病变
0	变病性囊部颈
1	气上沖心
0	心沖上气
1	生化妊娠
0	娠妊化生
1	胎儿心动过缓
0	缓过动心儿胎
1	腕关节结节样的突起
0	起突的样节结节关腕
1	异常鱼鳞癣
0	癣鳞鱼常异
1	粘性渗出性薄膜
0	膜薄性出渗性粘
1	孕妇小腿浮肿
0	肿浮腿小妇孕
1	溶酶体酶缺陷
0	陷缺酶体酶溶
1	类人猿型骨盆
0	盆骨型猿人类
1	肢端湿冷
0	冷湿端肢
1	频发房性早搏
0	搏早性房发频
1	烧灼性疼痛
0	痛疼性灼烧
1	去首高血压
0	压血高首去
1	水母头征
0	征头母水
1	闪回
0	回闪
1	成人生长激素分泌不足
0	足不泌分素激长生人成
1	中枢性呼吸暂停
0	停暂吸呼性枢中
1	腹股沟痒
0	痒沟股腹
1	溃疡外观呈虫蚀样
0	样蚀虫呈观外疡溃
1	胸部紧迫或束带感
0	感带束或迫紧部胸
1	剧烈运动或强体力劳动后血尿
0	尿血后动劳力体强或动运烈剧
1	颅骨连续性中断
0	断中性续连骨颅
1	眼晶体前房棕色光反射
0	射反光色棕房前体晶眼
1	脑缺血
0	血缺脑
1	手足麻木
0	木麻足手
1	小便恐惧
0	惧恐便小
1	淋巴增生
0	生增巴淋
1	胃嵌顿
0	顿嵌胃
1	情绪性失眠
0	眠失性绪情
1	上尿路结构和功能损害
0	害损能功和构结路尿上
1	肝积水
0	水积肝
1	板状腹
0	腹状板
1	尿道口粘连
0	连粘口道尿
1	节段性肌张力障碍
0	碍障力张肌性段节
1	情感麻痹
0	痹麻感情
1	螺旋形骨折
0	折骨形旋螺
1	认知功能损害
0	害损能功知认
1	疱疹后神经痛
0	痛经神后疹疱
1	乳房硬化
0	化硬房乳
1	产后发热
0	热发后产
1	虹视
0	视虹
1	模糊不定
0	定不糊模
1	梦行症
0	症行梦
1	乳腺外上象限腺体增厚
0	厚增体腺限象上外腺乳
1	厌奶
0	奶厌
1	精血不足
0	足不血精
1	收缩早期喀喇音
0	音喇喀期早缩收
1	脑实质的浸润
0	润浸的质实脑
1	身体"福态"
0	"态福"体身
1	网络依赖
0	赖依络网
1	食欲下降
0	降下欲食
1	性欲减退
0	退减欲性
1	逆向型房室折返性心动过速
0	速过动心性返折室房型向逆
1	肺通气一血流比例失调
0	调失例比流血一气通肺
1	脓包型痘痘
0	痘痘型包脓
1	阑尾腔闭塞
0	塞闭腔尾阑
1	手术后破伤风
0	风伤破后术手
1	反复发烧
0	烧发复反
1	栓状齿
0	齿状栓
1	子宫下垂
0	垂下宫子
1	右下腹压痛
0	痛压腹下右
1	皮下血肿
0	肿血下皮
1	尾骶部疼痛
0	痛疼部骶尾
1	颌骨膨隆
0	隆膨骨颌
1	单纯性晕厥
0	厥晕性纯单
1	晕厥预兆
0	兆预厥晕
1	大便干燥
0	燥干便大
1	支气管平滑肌痉挛
0	挛痉肌滑平管气支
1	上唇变薄
0	薄变唇上
1	眼睑肿胀且呈淡绿色
0	色绿淡呈且胀肿睑眼
1	血液粘度增高
0	高增度粘液血
1	PAS染色阳性
0	性阳色染SAP
1	雾视
0	视雾
1	颌下腺肿大
0	大肿腺下颌
1	悬雍垂松弛细长
0	长细弛松垂雍悬
1	直立性尿蛋白
0	白蛋尿性立直
1	四肢湿冷
0	冷湿肢四
1	尿中持续性排钠
0	钠排性续持中尿
1	脂肪浸润
0	润浸肪脂
1	尿滤过分数明显下降
0	降下显明数分过滤尿
1	发热伴出血
0	血出伴热发
1	夜尿多
0	多尿夜
1	毒蕈碱样症状
0	状症样碱蕈毒
1	外耳道癣
0	癣道耳外
1	舌体大且表面有沟纹
0	纹沟有面表且大体舌
1	伏脉
0	脉伏
1	翻身困难
0	难困身翻
1	气道和食管之间的瘘管
0	管瘘的间之管食和道气
1	骨内损害
0	害损内骨
1	下肢皮肤营养性改变
0	变改性养营肤皮肢下
1	四肢酸痛无力
0	力无痛酸肢四
1	放射后的臂丛神经和腰骶丛损伤
0	伤损丛骶腰和经神丛臂的后射放
1	反复肺炎
0	炎肺复反
1	小三阳
0	阳三小
1	骨盆痛
0	痛盆骨
1	骨密度增加
0	加增度密骨
1	菜花耳
0	耳花菜
1	食管下段静脉曲张
0	张曲脉静段下管食
1	胸骨下端压痛
0	痛压端下骨胸
1	行为无计划性
0	性划计无为行
1	脾肾阳虚
0	虚阳肾脾
1	震颤性肌强直
0	直强肌性颤震
1	腭部可见小出血点
0	点血出小见可部腭
1	屈腕屈指无力
0	力无指屈腕屈
1	心包填塞
0	塞填包心
1	产道血肿
0	肿血道产
1	婴儿脸色发黄
0	黄发色脸儿婴
1	阵发性肠绞痛
0	痛绞肠性发阵
1	冲动毁物
0	物毁动冲
1	心律不整
0	整不律心
1	肾小管坏死
0	死坏管小肾
1	血痂
0	痂血
1	胃肠粘膜的通透性增高
0	高增性透通的膜粘肠胃
1	睑缘呈横"S"形下垂
0	垂下形"S"横呈缘睑
1	鼻脓涕有臭味
0	味臭有涕脓鼻
1	思维奔逸
0	逸奔维思
1	瘤细胞浸润
0	润浸胞细瘤
1	胆囊积水
0	水积囊胆
1	食指感觉消失
0	失消觉感指食
1	足的放射性疼痛
0	痛疼性射放的足
1	皮肤呈鳞片状
0	状片鳞呈肤皮
1	冬季皮肤瘙痒
0	痒瘙肤皮季冬
1	慢性头痛
0	痛头性慢
1	饭后困倦
0	倦困后饭
1	性交困难
0	难困交性
1	心力衰竭
0	竭衰力心
1	颈短
0	短颈
1	羊水中回声增强增多
0	多增强增声回中水羊
1	手变短
0	短变手
1	空间感知障碍
0	碍障知感间空
1	青枝骨折
0	折骨枝青
1	脑干出血
0	血出干脑
1	黏稠或脓性痰伴有腥臭味
0	味臭腥有伴痰性脓或稠黏
1	肠绒毛萎缩
0	缩萎毛绒肠
1	幽门前区溃疡
0	疡溃区前门幽
1	纳差
0	差纳
1	肾小管萎陷
0	陷萎管小肾
1	突发性绞痛
0	痛绞性发突
1	气压伤
0	伤压气
1	睡觉时突然抽搐一下
0	下一搐抽然突时觉睡
1	脚后跟长骨刺
0	刺骨长跟后脚
1	外耳道狭窄
0	窄狭道耳外
1	大便变细形似铅笔
0	笔铅似形细变便大
1	行走呈大步态
0	态步大呈走行
1	脑疝危象
0	象危疝脑
1	胎动频繁
0	繁频动胎
1	足底脱皮
0	皮脱底足
1	陶瑟征阳性
0	性阳征瑟陶
1	食物在胃的通过障碍
0	碍障过通的胃在物食
1	胸部挫伤
0	伤挫部胸
1	肩部或肩胛区持续钝痛和深部钻刺样不适感
0	感适不样刺钻部深和痛钝续持区胛肩或部肩
1	注意障碍
0	碍障意注
1	脾胃虚弱
0	弱虚胃脾
1	老化松弛性眼袋
0	袋眼性弛松化老
1	恶性胸水
0	水胸性恶
1	足跟痛
0	痛跟足
1	猝倒
0	倒猝
1	迎风流泪
0	泪流风迎
1	肠鸣音亢进
0	进亢音鸣肠
1	内毒素血症
0	症血素毒内
1	儿童退缩行为
0	为行缩退童儿
1	掌心凹消失或稍隆起
0	起隆稍或失消凹心掌
1	频繁性惊醒
0	醒惊性繁频
1	鼻中隔或鼻腔内软骨暴露
0	露暴骨软内腔鼻或隔中鼻
1	耳痛
0	痛耳
1	反应迟钝
0	钝迟应反
1	脱水热
0	热水脱
1	疥疮恐惧
0	惧恐疮疥
1	晶状体青光眼斑
0	斑眼光青体状晶
1	瘀血斑
0	斑血瘀
1	肩周区弥散的钝痛及放射痛
0	痛射放及痛钝的散弥区周肩
1	皮肤痛
0	痛肤皮
1	纤维膜包裹
0	裹包膜维纤
1	膝后肿胀疼痛
0	痛疼胀肿后膝
1	关节肿大
0	大肿节关
1	酒后四肢酸痛
0	痛酸肢四后酒
1	下肢浅静脉曲张
0	张曲脉静浅肢下
1	横结肠息肉
0	肉息肠结横
1	干啰音
0	音啰干
1	嗓音粗
0	粗音嗓
1	反射弧中断
0	断中弧射反
1	垂腕
0	腕垂
1	便稀时经阴道排出
0	出排道阴经时稀便
1	大角膜
0	膜角大
1	发作时精神障碍
0	碍障神精时作发
1	面肌强直
0	直强肌面
1	孕妇肚子痒
0	痒子肚妇孕
1	吞酸
0	酸吞
1	指甲出现条纹或斑点
0	点斑或纹条现出甲指
1	牙缝增宽
0	宽增缝牙
1	脓血性白带
0	带白性血脓
1	颈椎分节异常
0	常异节分椎颈
1	眼底异常
0	常异底眼
1	鼻外部膨胀隆起
0	起隆胀膨部外鼻
1	胃重复畸形
0	形畸复重胃
1	图形定向障碍
0	碍障向定形图
1	腕关节内积血及活动受限
0	限受动活及血积内节关腕
1	乳头肥大
0	大肥头乳
1	虚热口臭
0	臭口热虚
1	进行性肌麻痹
0	痹麻肌性行进
1	认识能力缺失
0	失缺力能识认
1	大便干结呈算盘珠状
0	状珠盘算呈结干便大
1	胎动过频
0	频过动胎
1	小支气管粘膜水肿
0	肿水膜粘管气支小
1	长骨粗大
0	大粗骨长
1	鼻端弥漫性潮红
0	红潮性漫弥端鼻
1	记忆力消失
0	失消力忆记
1	脚冻伤
0	伤冻脚
1	白喉假膜形成
0	成形膜假喉白
1	血流阻力增加
0	加增力阻流血
1	下肢神经性疼痛
0	痛疼性经神肢下
1	动眼神经麻痹
0	痹麻经神眼动
1	小儿夜啼
0	啼夜儿小
1	盆腔瘀血
0	血瘀腔盆
1	面色青灰
0	灰青色面
1	舒张期震颤
0	颤震期张舒
1	食管瘘
0	瘘管食
1	拇食指捏物功能障碍
0	碍障能功物捏指食拇
1	直肠狭窄
0	窄狭肠直
1	婴儿步行晚
0	晚行步儿婴
1	胃脘饱胀
0	胀饱脘胃
1	滴状角膜
0	膜角状滴
1	新生儿中性粒细胞增多
0	多增胞细粒性中儿生新
1	逆行性遗忘
0	忘遗性行逆
1	怪异步态
0	态步异怪
1	醒后不解乏
0	乏解不后醒
1	粒细胞减少
0	少减胞细粒
1	产后乳房萎缩
0	缩萎房乳后产
1	看东西变远
0	远变西东看
1	马蹄内翻足
0	足翻内蹄马
1	短头畸形
0	形畸头短
1	手指不能屈伸
0	伸屈能不指手
1	乳腺组织肥厚
0	厚肥织组腺乳
1	黄疸
0	疸黄
1	钙沉积
0	积沉钙
1	趾端干枯发黑
0	黑发枯干端趾
1	尿流缓慢
0	慢缓流尿
1	肝功能受损
0	损受能功肝
1	肾小管酸化功能障碍
0	碍障能功化酸管小肾
1	右边脸颊长痘
0	痘长颊脸边右
1	半透明的无痛小疱
0	疱小痛无的明透半
1	冠状动脉痉挛
0	挛痉脉动状冠
1	烦渴多饮
0	饮多渴烦
1	情绪性多汗症
0	症汗多性绪情
1	戒断反应
0	应反断戒
1	不典型增生
0	生增型典不
1	病理性Q波
0	波Q性理病
1	指间关节不能屈曲
0	曲屈能不节关间指
1	手指香肠型
0	型肠香指手
1	中度痛
0	痛度中
1	甲下出血
0	血出下甲
1	脑穿通畸形
0	形畸通穿脑
1	肘部外翻角增大
0	大增角翻外部肘
1	囊性坏死
0	死坏性囊
1	细网状到斑片状的色素沉着
0	着沉素色的状片斑到状网细
1	畏寒
0	寒畏
1	肠蠕动减少
0	少减动蠕肠
1	皮肤皴裂
0	裂皴肤皮
1	鼻甲肿胀
0	胀肿甲鼻
1	婴儿厌食
0	食厌儿婴
1	伤口结疤
0	疤结口伤
1	下巴关节疼
0	疼节关巴下
1	感觉性共济失调
0	调失济共性觉感
1	继发性失眠
0	眠失性发继
1	植物神经功能障碍
0	碍障能功经神物植
1	性发育慢
0	慢育发性
1	躁郁样
0	样郁躁
1	全身持续性水肿
0	肿水性续持身全
1	肾间质纤维化
0	化维纤质间肾
1	女性性早熟
0	熟早性性女
1	蛙状鼻
0	鼻状蛙
1	胸腰椎压缩性骨折
0	折骨性缩压椎腰胸
1	霍纳综合征
0	征合综纳霍
1	黄体破裂
0	裂破体黄
1	妊娠期胸痛
0	痛胸期娠妊
1	脊柱退变
0	变退柱脊
1	眉毛外侧脱落稀疏而细
0	细而疏稀落脱侧外毛眉
1	蹲下起来后眼前发黑
0	黑发前眼后来起下蹲
1	无动性缄默
0	默缄性动无
1	易哭
0	哭易
1	饭后心悸
0	悸心后饭
1	舌根部脓肿
0	肿脓部根舌
1	囊肿样改变
0	变改样肿囊
1	静脉出血
0	血出脉静
1	无胆汁粪便
0	便粪汁胆无
1	暴怒
0	怒暴
1	无名指半月甲呈粉红色
0	色红粉呈甲月半指名无
1	情景性晕厥
0	厥晕性景情
1	髌下疼痛
0	痛疼下髌
1	食管恶性病变
0	变病性恶管食
1	老年人腿抽筋
0	筋抽腿人年老
1	颈根部斜方肌及风池穴处有压痛点
0	点痛压有处穴池风及肌方斜部根颈
1	腰肌痉挛
0	挛痉肌腰
1	感觉过敏
0	敏过觉感
1	消化道穿孔
0	孔穿道化消
1	微脉
0	脉微
1	心肌耗氧量增加
0	加增量氧耗肌心
1	全身感染中毒症状
0	状症毒中染感身全
1	膝腱反射消失
0	失消射反腱膝
1	唾液及汗液减少
0	少减液汗及液唾
1	小肠扩张充气
0	气充张扩肠小
1	输尿管扩张
0	张扩管尿输
1	腮腺肿胀
0	胀肿腺腮
1	食管对称性膨大
0	大膨性称对管食
1	房内传导阻滞
0	滞阻导传内房
1	口唇严重充血呈红色
0	色红呈血充重严唇口
1	情绪性厌食
0	食厌性绪情
1	镇静、麻醉剂所致昏迷
0	迷昏致所剂醉麻、静镇
1	皮质醇增多
0	多增醇质皮
1	传导性腹痛
0	痛腹性导传
1	凝血因子功能的障碍
0	碍障的能功子因血凝
1	细胞外液减少
0	少减液外胞细
1	临产后俯屈不良
0	良不屈俯后产临
1	全身过敏和发热皮疹关节痛
0	痛节关疹皮热发和敏过身全
1	同向偏盲
0	盲偏向同
1	焦虑
0	虑焦
1	眼球挫伤
0	伤挫球眼
1	单眼失明
0	明失眼单
1	耳顶线以下至发际处痛觉过敏或减退
0	退减或敏过觉痛处际发至下以线顶耳
1	乳腺癌的远处转移
0	移转处远的癌腺乳
1	经期缩短
0	短缩期经
1	凉结节
0	节结凉
1	水潴留
0	留潴水
1	肝部疼痛
0	痛疼部肝
1	心尖部第1心音亢进
0	进亢音心1第部尖心
1	强制性哭笑
0	笑哭性制强
1	低钙血症
0	症血钙低
1	部位不定的疼痛
0	痛疼的定不位部
1	蛋氨酸吸收不良综合征
0	征合综良不收吸酸氨蛋
1	稽留热
0	热留稽
1	口吐白沫
0	沫白吐口
1	晕厥反复发作
0	作发复反厥晕
1	梳头或洗头时头发脱落增加
0	加增落脱发头时头洗或头梳
1	胰石阻塞
0	塞阻石胰
1	假牙疼痛
0	痛疼牙假
1	胃痉挛
0	挛痉胃
1	干燥斑
0	斑燥干
1	先天性骨发育不良
0	良不育发骨性天先
1	舌苔黄
0	黄苔舌
1	精神萎靡
0	靡萎神精
1	阵发性子宫收缩
0	缩收宫子性发阵
1	异常体位所致的窒息
0	息窒的致所位体常异
1	强迫蹲位
0	位蹲迫强
1	鼻尖或鼻翼出现带状疱疹
0	疹疱状带现出翼鼻或尖鼻
1	控制不住的联想
0	想联的住不制控
1	肩关节痛
0	痛节关肩
1	夜尿增多
0	多增尿夜
1	角膜反射迟钝
0	钝迟射反膜角
1	红斑性烧伤
0	伤烧性斑红
1	中上腹痛
0	痛腹上中
1	咳泡沫黏液痰
0	痰液黏沫泡咳
1	情绪性癌症
0	症癌性绪情
1	静脉回流障碍
0	碍障流回脉静
1	立毛反射减弱
0	弱减射反毛立
1	鼻前庭皮肤红肿疼痛
0	痛疼肿红肤皮庭前鼻
1	持续性咳嗽
0	嗽咳性续持
1	羊水过多
0	多过水羊
1	酒精性震颤
0	颤震性精酒
1	胃区包块
0	块包区胃
1	环咽部运动障碍
0	碍障动运部咽环
1	智能减退
0	退减能智
1	通贯掌
0	掌贯通
1	舌质红绛
0	绛红质舌
1	眼面痛
0	痛面眼
1	肾损害
0	害损肾
1	阵发性狂笑
0	笑狂性发阵
1	复杂性醉酒
0	酒醉性杂复
1	流黄鼻涕
0	涕鼻黄流
1	胀痛
0	痛胀
1	气道变窄
0	窄变道气
1	偏执性妄想
0	想妄性执偏
1	异常出血
0	血出常异
1	唇干裂
0	裂干唇
1	真皮侵袭性生长
0	长生性袭侵皮真
1	周身出汗
0	汗出身周
1	梅毒感染
0	染感毒梅
1	高眼压
0	压眼高
1	先兆早产
0	产早兆先
1	脑沟变宽
0	宽变沟脑
1	肤色赤红
0	红赤色肤
1	先天性X因子缺乏
0	乏缺子因X性天先
1	屈髋屈膝及外旋畸形
0	形畸旋外及膝屈髋屈
1	脐突
0	突脐
1	糖类皮质激素分泌过多
0	多过泌分素激质皮类糖
1	进行性痴呆
0	呆痴性行进
1	踝关节屈曲挛缩畸形
0	形畸缩挛曲屈节关踝
1	喉部刺痛
0	痛刺部喉
1	出血性丘疹
0	疹丘性血出
1	形成尾巴
0	巴尾成形
1	肛门反射减弱或消失
0	失消或弱减射反门肛
1	窥淫癖
0	癖淫窥
1	肌肉坏死
0	死坏肉肌
1	脸红
0	红脸
1	心火
0	火心
1	腕征
0	征腕
1	口腔痛
0	痛腔口
1	臂痛
0	痛臂
1	尿道烧灼感
0	感灼烧道尿
1	晨起肥皮肿
0	肿皮肥起晨
1	白晕
0	晕白
1	假声现象
0	象现声假
1	腹痛伴黄疸
0	疸黄伴痛腹
1	排便时间过长
0	长过间时便排
1	肾异位伴随输尿管异位
0	位异管尿输随伴位异肾
1	韧带扭伤
0	伤扭带韧
1	强迫性联想
0	想联性迫强
1	行走踩棉花感
0	感花棉踩走行
1	高血脂性血管损害
0	害损管血性脂血高
1	言语功能的部分丧失
0	失丧分部的能功语言
1	盘状红斑
0	斑红状盘
1	耳冻伤
0	伤冻耳
1	结节
0	节结
1	尿偏碱
0	碱偏尿
1	意识模糊
0	糊模识意
1	腹部可触及巨大柔软肿物
0	物肿软柔大巨及触可部腹
1	腰背部有皮毛窦
0	窦毛皮有部背腰
1	纵隔病变
0	变病隔纵
1	胃肠动力差
0	差力动肠胃
1	无名指指甲凹陷
0	陷凹甲指指名无
1	局部皮肤变紧
0	紧变肤皮部局
1	尿后滴沥
0	沥滴后尿
1	室间隔缺损
0	损缺隔间室
1	尿等待
0	待等尿
1	恋爱挫折综合征
0	征合综折挫爱恋
1	强迫恐怖症
0	症怖恐迫强
1	肌纤维颤搐
0	搐颤维纤肌
1	收缩期反流性杂音
0	音杂性流反期缩收
1	躯体化障碍
0	碍障化体躯
1	分裂型人格障碍
0	碍障格人型裂分
1	肺外症状
0	状症外肺
1	老年人高粘血症
0	症血粘高人年老
1	胃痛
0	痛胃
1	言语增多
0	多增语言
1	SM累积量升高
0	高升量积累MS
1	扭转痉挛
0	挛痉转扭
1	洪脉
0	脉洪
1	阴雨天颈肩背部酸痛
0	痛酸部背肩颈天雨阴
1	腓肠肌强直收缩并有疼痛
0	痛疼有并缩收直强肌肠腓
1	杵状指(趾)
0	)趾(指状杵
1	血管性水肿
0	肿水性管血
1	肾盂积水
0	水积盂肾
1	假性幽门化生
0	生化门幽性假
1	肺弥散功能障碍
0	碍障能功散弥肺
1	凸甲
0	甲凸
1	钙离子内流
0	流内子离钙
1	频繁呕吐及便秘
0	秘便及吐呕繁频
1	全秃
0	秃全
1	第一心音亢进
0	进亢音心一第
1	小腿或前臂间隙综合征
0	征合综隙间臂前或腿小
1	肌肉纤维震颤
0	颤震维纤肉肌
1	腱鞘变干
0	干变鞘腱
1	呼吸速率减慢且规则
0	则规且慢减率速吸呼
1	掌颏反射
0	射反颏掌
1	广泛性与不定位性腹痛
0	痛腹性位定不与性泛广
1	左心室腔容量增大
0	大增量容腔室心左
1	颈髓完全性损伤
0	伤损性全完髓颈
1	斑丘疹
0	疹丘斑
1	尿意窘迫
0	迫窘意尿
1	烂桃样血痰
0	痰血样桃烂
1	肌肉的失用性萎缩
0	缩萎性用失的肉肌
1	男性小腹痛
0	痛腹小性男
1	前额头痛
0	痛头额前
1	易倦感
0	感倦易
1	喉咙痛
0	痛咙喉
1	睑结膜充血露出黄色脓块
0	块脓色黄出露血充膜结睑
1	持续性胸部疼痛或模糊的背部疼痛
0	痛疼部背的糊模或痛疼部胸性续持
1	分离性身份障碍
0	碍障份身性离分
1	前臂短缩
0	缩短臂前
1	腓肠肌撕裂
0	裂撕肌肠腓
1	长时间或剧烈运动后前足疼痛
0	痛疼足前后动运烈剧或间时长
1	剧烈疼痛
0	痛疼烈剧
1	肌腱断裂
0	裂断腱肌
1	脉压差大
0	大差压脉
1	心肌肥厚
0	厚肥肌心
1	水盐代谢障碍
0	碍障谢代盐水
1	肾小球内"三高"
0	"高三"内球小肾
1	胃肠扩张与脱肛
0	肛脱与张扩肠胃
1	起搏频率增高
0	高增率频搏起
1	易昏厥
0	厥昏易
1	舌运动受限
0	限受动运舌
1	压痛肿胀
0	胀肿痛压
1	肌肉发育不良
0	良不育发肉肌
1	雌激素不足
0	足不素激雌
1	咽部充血
0	血充部咽
1	面部斑点
0	点斑部面
1	耳聋
0	聋耳
1	持续性尿蛋白
0	白蛋尿性续持
1	骨增粗
0	粗增骨
1	小腿酸痛
0	痛酸腿小
1	咽部灼热疼痛
0	痛疼热灼部咽
1	无脉症
0	症脉无
1	轻度痛
0	痛度轻
1	帆状胎盘
0	盘胎状帆
1	瓣膜小叶增厚
0	厚增叶小膜瓣
1	局部可摸到肌腹与肌腱连接处略有缺失与下陷
0	陷下与失缺有略处接连腱肌与腹肌到摸可部局
1	面痛
0	痛面
1	尿渗透压下降
0	降下压透渗尿
1	驼背
0	背驼
1	臀沟展平和下垂
0	垂下和平展沟臀
1	心房内形成混合血
0	血合混成形内房心
1	乳糖耐受不良
0	良不受耐糖乳
1	咽炎、舌炎、龈炎
0	炎龈、炎舌、炎咽
1	中度或轻度头痛
0	痛头度轻或度中
1	颜面潮红
0	红潮面颜
1	容易发生青肿
0	肿青生发易容
1	关节局部刺痛
0	痛刺部局节关
1	间歇性血尿
0	尿血性歇间
1	偏盲偏身感觉障碍
0	碍障觉感身偏盲偏
1	足趾发凉怕冷
0	冷怕凉发趾足
1	假性前房积脓
0	脓积房前性假
1	化学性支气管炎
0	炎管气支性学化
1	新陈代谢低下
0	下低谢代陈新
1	不排卵
0	卵排不
1	自主神经反射
0	射反经神主自
1	阴茎表浅性溃疡
0	疡溃性浅表茎阴
1	黏液囊肿
0	肿囊液黏
1	搏动性耳鸣
0	鸣耳性动搏
1	支气管痉挛
0	挛痉管气支
1	弓状指
0	指状弓
1	震颤
0	颤震
1	左腹屈曲
0	曲屈腹左
1	妊娠毒血症
0	症血毒娠妊
1	恶病性痤疮
0	疮痤性病恶
1	尿闭
0	闭尿
1	摸索反射
0	射反索摸
1	水样便
0	便样水
1	喉部淋巴滤泡增生
0	生增泡滤巴淋部喉
1	胎盘母体面上有凝血块及压迹
0	迹压及块血凝有上面体母盘胎
1	病理性黄疸
0	疸黄性理病
1	死产
0	产死
1	皮肤张力增加
0	加增力张肤皮
1	脓痱
0	痱脓
1	脾气变坏
0	坏变气脾
1	不能屈膝
0	膝屈能不
1	内踝下区域疼痛肿胀
0	胀肿痛疼域区下踝内
1	小指单一褶纹
0	纹褶一单指小
1	宫颈黏液脓性分泌物
0	物泌分性脓液黏颈宫
1	钩回发作
0	作发回钩
1	胶冻状便
0	便状冻胶
1	小眼球
0	球眼小
1	宫颈软
0	软颈宫
1	易激动
0	动激易
1	色素性皮损
0	损皮性素色
1	性冷淡
0	淡冷性
1	意识短暂中断
0	断中暂短识意
1	呼吸衰竭
0	竭衰吸呼
1	强迫性头位
0	位头性迫强
1	精神依赖性
0	性赖依神精
1	软腭运动不对称
0	称对不动运腭软
1	甲状旁腺机能减退
0	退减能机腺旁状甲
1	消化道憩室
0	室憩道化消
1	肌肉假肥大
0	大肥假肉肌
1	粪便硬结如羊粪状
0	状粪羊如结硬便粪
1	失盐
0	盐失
1	毛孔粗大
0	大粗孔毛
1	单侧鼻腔阻塞
0	塞阻腔鼻侧单
1	足部坏疽
0	疽坏部足
1	病理性神经损伤
0	伤损经神性理病
1	恶病质面容
0	容面质病恶
1	对红绿颜色分辨不清
0	清不辨分色颜绿红对
1	口鼻周围发绀
0	绀发围周鼻口
1	对生活丧失兴趣
0	趣兴失丧活生对
1	小儿剧烈咳嗽
0	嗽咳烈剧儿小
1	低枸橼酸尿
0	尿酸橼枸低
1	鼻根部水肿
0	肿水部根鼻
1	昏迷
0	迷昏
1	胎儿生长发育迟缓
0	缓迟育发长生儿胎
1	上肢麻木
0	木麻肢上
1	口中有金属甜味
0	味甜属金有中口
1	肺部肿块
0	块肿部肺
1	腋毛和阴毛脱落
0	落脱毛阴和毛腋
1	脸颊出现红血丝
0	丝血红现出颊脸
1	川字纹
0	纹字川
1	两眼上视障碍
0	碍障视上眼两
1	肝被膜紧张
0	张紧膜被肝
1	QRS波宽大畸形
0	形畸大宽波SRQ
1	废用性弱视
0	视弱性用废
1	强迫性重复
0	复重性迫强
1	酒后便血
0	血便后酒
1	横结肠下垂
0	垂下肠结横
1	进行性颈部肿块
0	块肿部颈性行进
1	下肢弥漫性水肿
0	肿水性漫弥肢下
1	尿胆红素阴性
0	性阴素红胆尿
1	精子稀少
0	少稀子精
1	脐尿管残余
0	余残管尿脐
1	骶椎腰化
0	化腰椎骶
1	晶状体移位
0	位移体状晶
1	腹鸣
0	鸣腹
1	精子凝集
0	集凝子精
1	肠壁水肿增厚
0	厚增肿水壁肠
1	婴儿臀部红
0	红部臀儿婴
1	口唇常无力而不能鼓气
0	气鼓能不而力无常唇口
1	皮肤肉芽肿
0	肿芽肉肤皮
1	液气胸
0	胸气液
1	排尿异物感
0	感物异尿排
1	正弦胎心率
0	率心胎弦正
1	新生儿震颤
0	颤震儿生新
1	消瘦
0	瘦消
1	皮肤闪电疼痛
0	痛疼电闪肤皮
1	视空间功能受损
0	损受能功间空视
1	肝细胞脂肪性变
0	变性肪脂胞细肝
1	泡样水肿
0	肿水样泡
1	肺部可闻及干湿啰音及哮鸣音
0	音鸣哮及音啰湿干及闻可部肺
1	肝脂肪变
0	变肪脂肝
1	劳动耐力下降
0	降下力耐动劳
1	紫斑
0	斑紫
1	肿胀
0	胀肿
1	腰部钝痛
0	痛钝部腰
1	精子质量下降
0	降下量质子精
1	耳廓擦伤
0	伤擦廓耳
1	牙齿萌出疼痛
0	痛疼出萌齿牙
1	咽反射消失
0	失消射反咽
1	足趾屈曲挛缩
0	缩挛曲屈趾足
1	持物不稳
0	稳不物持
1	足和足趾不能背屈
0	屈背能不趾足和足
1	颅内感染
0	染感内颅
1	隐球菌囊膜多糖堆积
0	积堆糖多膜囊菌球隐
1	足背及胫后动脉搏动减弱
0	弱减动搏脉动后胫及背足
1	假临产
0	产临假
1	反复感冒
0	冒感复反
1	脐带感染
0	染感带脐
1	心音异常
0	常异音心
1	人格改变
0	变改格人
1	餐后发作性腹痛
0	痛腹性作发后餐
1	腹部"气串样"肿块
0	块肿"样串气"部腹
1	纵沟短
0	短沟纵
1	甲身凹沟
0	沟凹身甲
1	皮肤水疱
0	疱水肤皮
1	前庭神经受损
0	损受经神庭前
1	皮肤脆性增加
0	加增性脆肤皮
1	尿不尽
0	尽不尿
1	无力
0	力无
1	下腹部压痛
0	痛压部腹下
1	种植性结节
0	节结性植种
1	肋骨融合
0	合融骨肋
1	尿道下裂
0	裂下道尿
1	睡眠呼吸暂停
0	停暂吸呼眠睡
1	近迫性心肌梗塞
0	塞梗肌心性迫近
1	腹痛伴便血
0	血便伴痛腹
1	闭眼站立不能
0	能不立站眼闭
1	复听
0	听复
1	湿性脚气
0	气脚性湿
1	肝源性水肿
0	肿水性源肝
1	白色视野缺损
0	损缺野视色白
1	胸式呼吸
0	吸呼式胸
1	汗出如油
0	油如出汗
1	疖肿
0	肿疖
1	腹式反常呼吸
0	吸呼常反式腹
1	视力视野改变
0	变改野视力视
1	舞蹈样不自主运动
0	动运主自不样蹈舞
1	尿黑酸
0	酸黑尿
1	关节囊松弛
0	弛松囊节关
1	脓性分泌物增多
0	多增物泌分性脓
1	孕妇上火
0	火上妇孕
1	持续性剧烈的肩痛
0	痛肩的烈剧性续持
1	视网膜Roth斑
0	斑htoR膜网视
1	上唇疖肿
0	肿疖唇上
1	伤口感染
0	染感口伤
1	骨无菌性坏死
0	死坏性菌无骨
1	平卧呼吸困难
0	难困吸呼卧平
1	胎位异常
0	常异位胎
1	撞击征
0	征击撞
1	低射血分数
0	数分血射低
1	后发性遗忘
0	忘遗性发后
1	说话时字词不能连续
0	续连能不词字时话说
1	挖耳出血
0	血出耳挖
1	恐惧
0	惧恐
1	肺动脉楔压(PCWP)降低
0	低降)PWCP(压楔脉动肺
1	趾垂症
0	症垂趾
1	颈静脉怒张
0	张怒脉静颈
1	下腹痛
0	痛腹下
1	松果体钙化移位
0	位移化钙体果松
1	暴力作用后腹痛
0	痛腹后用作力暴
1	泪溢
0	溢泪
1	胃肠功能不良
0	良不能功肠胃
1	回盲部结核
0	核结部盲回
1	发音障碍
0	碍障音发
1	血清睾酮浓度低下
0	下低度浓酮睾清血
1	婴儿黑头粉刺
0	刺粉头黑儿婴
1	丘脑下部损害
0	害损部下脑丘
1	叹息样呼吸
0	吸呼样息叹
1	肛门瘙痒
0	痒瘙门肛
1	小指不明原因痛
0	痛因原明不指小
1	椎间盘退行性变
0	变性行退盘间椎
1	月经血块过多
0	多过块血经月
1	左上腹肿块伴有呕血、黑便
0	便黑、血呕有伴块肿腹上左
1	舌痛
0	痛舌
1	下肢湿性坏疽
0	疽坏性湿肢下
1	四肢苔藓样变
0	变样藓苔肢四
1	肺部转移
0	移转部肺
1	头皮瘙痒剧烈并有血痂
0	痂血有并烈剧痒瘙皮头
1	门齿间距增宽
0	宽增距间齿门
1	腰背酸痛
0	痛酸背腰
1	血尿
0	尿血
1	皮肤疖痈
0	痈疖肤皮
1	肾性骨质软化
0	化软质骨性肾
1	皮肤松弛
0	弛松肤皮
1	痰检阴性
0	性阴检痰
1	无尿
0	尿无
1	手凉
0	凉手
1	瓣膜增厚
0	厚增膜瓣
1	恶性贫血
0	血贫性恶
1	口腔粘膜弥漫充血
0	血充漫弥膜粘腔口
1	胀坠感
0	感坠胀
1	雄激素过少
0	少过素激雄
1	腋窝有异味
0	味异有窝腋
1	冠状动脉供血不足
0	足不血供脉动状冠
1	鼻内似有擤不出的鼻涕
0	涕鼻的出不擤有似内鼻
1	鼻痒
0	痒鼻
1	强迫性头颈倾斜畸形
0	形畸斜倾颈头性迫强
1	腰痛卧床加重
0	重加床卧痛腰
1	指甲呈半圆形
0	形圆半呈甲指
1	手掌呈黑色
0	色黑呈掌手
1	耳溢液
0	液溢耳
1	汗腺分泌体味
0	味体泌分腺汗
1	斜眼抑制
0	制抑眼斜
1	口唇发绀
0	绀发唇口
1	恶臭便
0	便臭恶
1	思维控制异常
0	常异制控维思
1	脊柱骨质改变
0	变改质骨柱脊
1	微血管溶血性贫血
0	血贫性血溶管血微
1	发热伴关节肿痛
0	痛肿节关伴热发
1	无菌性赘生物
0	物生赘性菌无
1	青春期肥胖
0	胖肥期春青
1	外伤性遗忘症
0	症忘遗性伤外
1	惊恐发作
0	作发恐惊
1	鲜红斑痣
0	痣斑红鲜
1	交叉腿
0	腿叉交
1	粪便量多
0	多量便粪
1	反复高热
0	热高复反
1	肾区压痛和叩痛
0	痛叩和痛压区肾
1	肢体增长、增粗过度
0	度过粗增、长增体肢
1	反复发作的带状疱疹
0	疹疱状带的作发复反
1	角膜晶状体粘连
0	连粘体状晶膜角
1	儿童行为孤僻
0	僻孤为行童儿
1	脐周明显红肿变硬
0	硬变肿红显明周脐
1	日光照射引起皮肤过敏
0	敏过肤皮起引射照光日
1	心瓣膜穿孔
0	孔穿膜瓣心
1	眼距宽阔
0	阔宽距眼
1	球后溃疡
0	疡溃后球
1	头颈部剧痛
0	痛剧部颈头
1	多尿
0	尿多
1	结节性硬化
0	化硬性节结
1	"淡漠型"甲亢
0	亢甲"型漠淡"
1	臀部疼痛
0	痛疼部臀
1	结肠内形成坚硬的粪石
0	石粪的硬坚成形内肠结
1	违拗症
0	症拗违
1	囊肿壁薄且内含无色液体
0	体液色无含内且薄壁肿囊
1	腹部压痛
0	痛压部腹
1	意识障碍
0	碍障识意
1	胸腰驼背
0	背驼腰胸
1	大腿刺痛
0	痛刺腿大
1	难治性腹水
0	水腹性治难
1	胰源性腹痛
0	痛腹性源胰
1	眼前黑影
0	影黑前眼
1	期外收缩
0	缩收外期
1	先天性无子宫
0	宫子无性天先
1	指甲突然变白
0	白变然突甲指
1	弥漫性腹部骨化
0	化骨部腹性漫弥
1	蓝巩膜
0	膜巩蓝
1	眼内有异物感
0	感物异有内眼
1	不自主运动
0	动运主自不
1	吞咽痛
0	痛咽吞
1	角结膜干燥症
0	症燥干膜结角
1	结缔组织性外痔
0	痔外性织组缔结
1	周身不适
0	适不身周
1	腰酸背痛
0	痛背酸腰
1	眼睑浮肿
0	肿浮睑眼
1	滑脉
0	脉滑
1	视物变形
0	形变物视
1	门体侧支循环的形成
0	成形的环循支侧体门
1	胸壁血管充盈
0	盈充管血壁胸
1	多根肋骨骨折
0	折骨骨肋根多
1	血压波动大
0	大动波压血
1	垂体功能紊乱
0	乱紊能功体垂
1	易激惹
0	惹激易
1	盆腔脊膜膨出
0	出膨膜脊腔盆
1	上腔静脉回流受阻
0	阻受流回脉静腔上
1	口咽异物
0	物异咽口
1	两手颤抖
0	抖颤手两
1	粘膜萎缩
0	缩萎膜粘
1	结痂
0	痂结
1	歪斜指
0	指斜歪
1	溃疡龛影
0	影龛疡溃
1	剧痒的疣状结节
0	节结状疣的痒剧
1	透明血管型
0	型管血明透
1	脖子扭痛
0	痛扭子脖
1	异常高大
0	大高常异
1	附睾结石
0	石结睾附
1	尿路结石
0	石结路尿
1	髋部酸胀不适
0	适不胀酸部髋
1	压力和体位性多汗
0	汗多性位体和力压
1	间歇热
0	热歇间
1	牙龈痛
0	痛龈牙
1	呼吸道狭窄
0	窄狭道吸呼
1	青红丘疹
0	疹丘红青
1	杨梅样舌
0	舌样梅杨
1	热痛
0	痛热
1	呼吸音粗糙
0	糙粗音吸呼
1	气腹征
0	征腹气
1	手脱皮
0	皮脱手
1	唇上长有小水泡
0	泡水小有长上唇
1	间歇性寒颤
0	颤寒性歇间
1	食物误入气道
0	道气入误物食
1	内脏性肥胖
0	胖肥性脏内
1	舌头上有长时间不愈溃疡
0	疡溃愈不间时长有上头舌
1	眼神异常
0	常异神眼
1	闭目难立征
0	征立难目闭
1	小儿进食易呕吐
0	吐呕易食进儿小
1	斜视
0	视斜
1	牙周袋形成
0	成形袋周牙
1	咬合关系错乱
0	乱错系关合咬
1	拇指不明原因疼痛
0	痛疼因原明不指拇
1	子宫性闭经
0	经闭性宫子
1	血浆白蛋白降低
0	低降白蛋白浆血
1	凝血功能障碍
0	碍障能功血凝
1	头皮结痂
0	痂结皮头
1	乳溢一高泌乳素血症
0	症血素乳泌高一溢乳
1	急性贫血
0	血贫性急
1	脾胃湿热
0	热湿胃脾
1	子宫附件肿块
0	块肿件附宫子
1	耳廓放射性痛
0	痛性射放廓耳
1	吐血痰
0	痰血吐
1	室颤
0	颤室
1	前臂旋后功能受限
0	限受能功后旋臂前
1	阵挛
0	挛阵
1	特发性水肿
0	肿水性发特
1	疤痕形成
0	成形痕疤
1	鼻黏膜和鼻甲萎缩
0	缩萎甲鼻和膜黏鼻
1	带血粘脓鼻涕
0	涕鼻脓粘血带
1	动脉导管未闭
0	闭未管导脉动
1	淋巴结肿大
0	大肿结巴淋
1	增殖体肥大
0	大肥体殖增
1	太阳穴痛
0	痛穴阳太
1	伤口愈合发痒
0	痒发合愈口伤
1	三角韧带损伤
0	伤损带韧角三
1	口唇干燥
0	燥干唇口
1	四肢瘫痪
0	痪瘫肢四
1	抱癖
0	癖抱
1	肾部积水现象
0	象现水积部肾
1	结肠黑变
0	变黑肠结
1	气道陷闭
0	闭陷道气
1	尿妊娠试验阳性
0	性阳验试娠妊尿
1	强迫性穷思竭虑
0	虑竭思穷性迫强
1	不稳定性心绞痛
0	痛绞心性定稳不
1	高雄激素血症
0	症血素激雄高
1	拇指和食指不能对掌成完好的"O"形
0	形"O"的好完成掌对能不指食和指拇
1	痴呆面容
0	容面呆痴
1	体型异常
0	常异型体
1	休克较久后的肺部病变
0	变病部肺的后久较克休
1	连枷胸
0	胸枷连
1	胸背痛
0	痛背胸
1	弥漫性骨膜增厚
0	厚增膜骨性漫弥
1	痰呈粘液脓性
0	性脓液粘呈痰
1	双手活动软弱无力
0	力无弱软动活手双
1	胸膜肥厚
0	厚肥膜胸
1	无月经来潮
0	潮来经月无
1	胃粘膜充血
0	血充膜粘胃
1	运动性疲劳
0	劳疲性动运
1	诊断室中所测血压始终增高
0	高增终始压血测所中室断诊
1	稍高起的丘疹或结节
0	节结或疹丘的起高稍
1	胆道蛔虫症
0	症虫蛔道胆
1	骶髂部剧烈疼痛
0	痛疼烈剧部髂骶
1	肋膜腔积水
0	水积腔膜肋
1	上列牙痛
0	痛牙列上
1	双足红肿热痛
0	痛热肿红足双
1	高促胃泌素血症
0	症血素泌胃促高
1	舞蹈样手足徐动
0	动徐足手样蹈舞
1	手上有小水泡
0	泡水小有上手
1	局部头痛
0	痛头部局
1	肝静脉回流障碍
0	碍障流回脉静肝
1	腹水
0	水腹
1	四肢麻木
0	木麻肢四
1	皮肤黑斑
0	斑黑肤皮
1	婴儿体重增长过快
0	快过长增重体儿婴
1	心源性水肿
0	肿水性源心
1	膝关节间隙弹响和疼痛
0	痛疼和响弹隙间节关膝
1	社交敏感性障碍
0	碍障性感敏交社
1	无法引出moro反应
0	应反orom出引法无
1	分泌性腹泻
0	泻腹性泌分
1	棘突压痛
0	痛压突棘
1	皮肤湿冷
0	冷湿肤皮
1	面部皮肤皱纹增多
0	多增纹皱肤皮部面
1	虹膜蓝色
0	色蓝膜虹
1	前列腺肥大
0	大肥腺列前
1	病理性发笑和哭喊
0	喊哭和笑发性理病
1	眼睛发红
0	红发睛眼
1	皮肤无光泽
0	泽光无肤皮
1	发热伴有腹痛、腹泻、恶心、呕吐
0	吐呕、心恶、泻腹、痛腹有伴热发
1	舌咽神经损伤
0	伤损经神咽舌
1	血管伤
0	伤管血
1	咽痛
0	痛咽
1	腹腔积血
0	血积腔腹
1	晚上睡觉出冷汗
0	汗冷出觉睡上晚
1	脊髓出血
0	血出髓脊
1	睾丸增大和变硬
0	硬变和大增丸睾
1	眼肌瘫痪
0	痪瘫肌眼
1	高耸而对称的T波
0	波T的称对而耸高
1	肺纹理减少
0	少减理纹肺
1	腹腔出血
0	血出腔腹
1	椎间隙变化
0	化变隙间椎
1	脊柱前突变直局部叩痛
0	痛叩部局直变突前柱脊
1	头沉
0	沉头
1	尿急
0	急尿
1	流泪
0	泪流
1	声音变低
0	低变音声
1	鼻孔流脓
0	脓流孔鼻
1	痘疮
0	疮痘
1	红细胞压积偏高
0	高偏积压胞细红
1	不能向尺侧屈腕及屈环小指远侧指关节
0	节关指侧远指小环屈及腕屈侧尺向能不
1	表情迟钝
0	钝迟情表
1	易醒
0	醒易
1	肚脐痒
0	痒脐肚
1	虚火
0	火虚
1	尿胆原排泻增加
0	加增泻排原胆尿
1	反复发作抑郁症
0	症郁抑作发复反
1	便血且血与粪便混合
0	合混便粪与血且血便
1	眉弓凹陷
0	陷凹弓眉
1	白发
0	发白
1	反复发作右肺感染
0	染感肺右作发复反
1	额头长痘
0	痘长头额
1	女性体毛多
0	多毛体性女
1	尿淀粉酶升高
0	高升酶粉淀尿
1	神经官能症状
0	状症能官经神
1	睡眠猝死
0	死猝眠睡
1	鼻衄
0	衄鼻
1	髌后疼痛
0	痛疼后髌
1	手唇震颤
0	颤震唇手
1	会阴溃疡
0	疡溃阴会
1	胃黏膜充血水肿
0	肿水血充膜黏胃
1	晚霞样或夕照样眼底
0	底眼样照夕或样霞晚
1	饭后心跳加快
0	快加跳心后饭
1	高腭弓
0	弓腭高
1	牙槽突型
0	型突槽牙
1	讷吃
0	吃讷
1	关节游走性疼痛
0	痛疼性走游节关
1	听觉障碍
0	碍障觉听
1	"三偏"症
0	症"偏三"
1	结膜乳头增生
0	生增头乳膜结
1	自我残伤行为
0	为行伤残我自
1	浅表性疤痕
0	痕疤性表浅
1	大转子叩痛
0	痛叩子转大
1	尿道变粗变硬
0	硬变粗变道尿
1	老人剧烈咳嗽
0	嗽咳烈剧人老
1	气管受压
0	压受管气
1	耳骨外翻
0	翻外骨耳
1	肌肉痉挛性疼痛
0	痛疼性挛痉肉肌
1	头盆不称
0	称不盆头
1	控制能力丧失
0	失丧力能制控
1	出现喉结
0	结喉现出
1	特殊面痣
0	痣面殊特
1	膝内翻膝外翻或髋内翻
0	翻内髋或翻外膝翻内膝
1	脑炎样改变
0	变改样炎脑
1	尿酸结晶
0	晶结酸尿
1	鼻小柱缺损
0	损缺柱小鼻
1	心内膜弹力纤维增生
0	生增维纤力弹膜内心
1	晶状体膨胀增大
0	大增胀膨体状晶
1	胃排空延缓
0	缓延空排胃
1	骨骼变形缩短
0	短缩形变骼骨
1	肋骨痛
0	痛骨肋
1	输尿管梗阻
0	阻梗管尿输
1	烧伤后恶心与呕吐
0	吐呕与心恶后伤烧
1	胆汁潴留
0	留潴汁胆
1	喜依托
0	托依喜
1	夸大狂
0	狂大夸
1	早饱
0	饱早
1	睫毛掉落
0	落掉毛睫
1	面部肌肉痉挛
0	挛痉肉肌部面
1	大腿以下或膝以下肌肉瘫痪
0	痪瘫肉肌下以膝或下以腿大
1	选择性缄默症
0	症默缄性择选
1	外耳道疼痛
0	痛疼道耳外
1	易变性痉挛
0	挛痉性变易
1	情感淡漠
0	漠淡感情
1	毛发脱落
0	落脱发毛
1	大腿内侧红斑
0	斑红侧内腿大
1	两下肺纹理增粗
0	粗增理纹肺下两
1	腰软不能直起
0	起直能不软腰
1	关节液渗出
0	出渗液节关
1	恶病质
0	质病恶
1	全身皮肤及粘膜呈现不同程度青紫色
0	色紫青度程同不现呈膜粘及肤皮身全
1	龟头溃疡
0	疡溃头龟
1	颜面发红紫色
0	色紫红发面颜
1	乳头溢液
0	液溢头乳
1	头皮屑多
0	多屑皮头
1	粪便排出过程异常
0	常异程过出排便粪
1	尿道流血
0	血流道尿
1	颈椎间盘退变
0	变退盘间椎颈
1	烧伤后口渴
0	渴口后伤烧
1	低颅压综合征
0	征合综压颅低
1	粉红色泡沫痰
0	痰沫泡色红粉
1	新生儿嗜睡
0	睡嗜儿生新
1	足底溃疡
0	疡溃底足
1	口角下垂
0	垂下角口
1	高睾酮血症
0	症血酮睾高
1	脱髓
0	髓脱
1	关节强硬
0	硬强节关
1	脂质沉积症
0	症积沉质脂
1	脱症
0	症脱
1	指甲上有直线
0	线直有上甲指
1	脸部疼痛
0	痛疼部脸
1	下肢红斑结节
0	节结斑红肢下
1	肩背部肌肉痛
0	痛肉肌部背肩
1	足背动脉搏动消失
0	失消动搏脉动背足
1	心脏扩大
0	大扩脏心
1	尿流变细或中断
0	断中或细变流尿
1	新生儿两眼上翻凝视
0	视凝翻上眼两儿生新
1	浅表淋巴结进行性肿大
0	大肿性行进结巴淋表浅
1	猩红热样皮疹
0	疹皮样热红猩
1	无睾丸
0	丸睾无
1	上肢无力
0	力无肢上
1	睾丸受浸润
0	润浸受丸睾
1	痴呆
0	呆痴
1	皮肤型屈肢症
0	症肢屈型肤皮
1	胃扭转梗阻症状
0	状症阻梗转扭胃
1	泌尿道狭窄
0	窄狭道尿泌
1	痛性脸抽搐
0	搐抽脸性痛
1	听力减退
0	退减力听
1	微炎症状态
0	态状症炎微
1	食欲较差
0	差较欲食
1	尿潴留
0	留潴尿
1	中心暗点扩大
0	大扩点暗心中
1	顽固性高血压
0	压血高性固顽
1	动脉呈多处伸长扭曲状
0	状曲扭长伸处多呈脉动
1	颈背疼痛
0	痛疼背颈
1	腋毛变稀少
0	少稀变毛腋
1	食管溃疡
0	疡溃管食
1	局部静脉硬索状
0	状索硬脉静部局
1	病理性赌博
0	博赌性理病
1	周期性畏寒发热出汗热退症状
0	状症退热汗出热发寒畏性期周
1	角膜知觉减少
0	少减觉知膜角
1	屈曲指
0	指曲屈
1	传导性耳鸣
0	鸣耳性导传
1	胃扩张
0	张扩胃
1	胸廓异常
0	常异廓胸
1	口唇麻木
0	木麻唇口
1	尿瘘
0	瘘尿
1	髌前空虚感
0	感虚空前髌
1	呼吸困难
0	难困吸呼
1	脓肿
0	肿脓
1	新生儿皮肤褶皱
0	皱褶肤皮儿生新
1	指(趾)骨梗死
0	死梗骨)趾(指
1	脐周疼痛
0	痛疼周脐
1	骶骨囊肿
0	肿囊骨骶
1	下腔静脉血栓形成
0	成形栓血脉静腔下
1	肛内轻微隐痛坠胀或不适感
0	感适不或胀坠痛隐微轻内肛
1	免疫力下降
0	降下力疫免
1	乳腺隐痛
0	痛隐腺乳
1	血热
0	热血
1	色素脱失
0	失脱素色
1	妊娠期间小便不通
0	通不便小间期娠妊
1	血红蛋白尿
0	尿白蛋红血
1	胫骨假关节形成
0	成形节关假骨胫
1	产道裂伤
0	伤裂道产
1	成年后的容貌仍似儿童
0	童儿似仍貌容的后年成
1	女性第二性征消失
0	失消征性二第性女
1	突发性疼痛
0	痛疼性发突
1	子宫穿孔
0	孔穿宫子
1	椎前旁软组织肿胀或脓肿
0	肿脓或胀肿织组软旁前椎
1	胃肠淋巴回流受阻
0	阻受流回巴淋肠胃
1	上半身肥胖型
0	型胖肥身半上
1	静脉血栓
0	栓血脉静
1	维生素K缺乏
0	乏缺K素生维
1	气过水声
0	声水过气
1	阴道血性分泌物
0	物泌分性血道阴
1	核分裂象增多
0	多增象裂分核
1	狭窄骨盆
0	盆骨窄狭
1	下腹局部疼痛
0	痛疼部局腹下
1	食管壁纤维化
0	化维纤壁管食
1	鼻腔不能关闭引起的鼻音
0	音鼻的起引闭关能不腔鼻
1	泪腺不发达
0	达发不腺泪
1	收缩期震颤
0	颤震期缩收
1	虎眼征
0	征眼虎
1	单侧面部萎缩
0	缩萎部面侧单
1	生理性黄疸
0	疸黄性理生
1	膀胱刺激征
0	征激刺胱膀
1	食管下括约肌张力下降
0	降下力张肌约括下管食
1	胫骨干骨不连
0	连不骨干骨胫
1	肛周囊肿
0	肿囊周肛
1	喂食困难
0	难困食喂
1	额部疼痛
0	痛疼部额
1	肛门病变
0	变病门肛
1	念珠菌感染
0	染感菌珠念
1	眼张不开
0	开不张眼
1	胸椎腰化
0	化腰椎胸
1	脾肿大
0	大肿脾
1	食管痉挛
0	挛痉管食
1	大腿肌肉萎缩
0	缩萎肉肌腿大
1	前囟闭合延迟
0	迟延合闭囟前
1	血清甲胎蛋白升高
0	高升白蛋胎甲清血
1	齿龈肥厚
0	厚肥龈齿
1	全身皮肤散在黑痣
0	痣黑在散肤皮身全
1	钙化
0	化钙
1	产后血气痛
0	痛气血后产
1	乳腺随月经出现胀痛
0	痛胀现出经月随腺乳
1	言语紊乱
0	乱紊语言
1	心脏肥大
0	大肥脏心
1	触诊无肺动脉关闭感
0	感闭关脉动肺无诊触
1	肢体远端出现腕垂踝垂
0	垂踝垂腕现出端远体肢
1	胃火口臭
0	臭口火胃
1	利尿
0	尿利
1	大便粘腻
0	腻粘便大
1	放屁频频
0	频频屁放
1	智能障碍
0	碍障能智
1	碱性磷酸酶增高
0	高增酶酸磷性碱
1	初生婴儿即出现侏儒状态
0	态状儒侏现出即儿婴生初
1	噎痛感
0	感痛噎
1	上腹弥漫性压痛
0	痛压性漫弥腹上
1	断毛癖
0	癖毛断
1	眶周水肿
0	肿水周眶
1	情绪性腹痛
0	痛腹性绪情
1	产后便秘
0	秘便后产
1	头部呈钝痛
0	痛钝呈部头
1	组织坏死
0	死坏织组
1	认知神经功能丧失
0	失丧能功经神知认
1	电脑失写症
0	症写失脑电
1	头颈分离感
0	感离分颈头
1	久不消退的红色皮肤疤
0	疤肤皮色红的退消不久
1	对光反应消失
0	失消应反光对
1	酮尿
0	尿酮
1	尿磷
0	磷尿
1	胃肠道胀气
0	气胀道肠胃
1	立卧心率差数
0	数差率心卧立
1	下腹绞痛
0	痛绞腹下
1	转氨酶增高
0	高增酶氨转
1	胫骨粗隆肿胀
0	胀肿隆粗骨胫
1	氨基酸尿症
0	症尿酸基氨
1	孕早期腹痛
0	痛腹期早孕
1	眼前冒金花
0	花金冒前眼
1	男性小便刺痛
0	痛刺便小性男
1	酒精依赖
0	赖依精酒
1	体重增加
0	加增重体
1	蔷薇疹样皮疹
0	疹皮样疹薇蔷
1	肝质地硬
0	硬地质肝
1	前囟张力增高
0	高增力张囟前
1	孕妇小腿痒
0	痒腿小妇孕
1	血小板聚集增强
0	强增集聚板小血
1	鼻和喉部灼热感
0	感热灼部喉和鼻
1	宝宝缺乏安全感
0	感全安乏缺宝宝
1	髋关节发育不良
0	良不育发节关髋
1	凝血障碍
0	碍障血凝
1	支气管树受压
0	压受树管气支
1	膝关节疼痛
0	痛疼节关膝
1	四肢血压脉搏不对称
0	称对不搏脉压血肢四
1	发热伴有皮疹
0	疹皮有伴热发
1	浅感觉减退或缺失
0	失缺或退减觉感浅
1	外伤性出血
0	血出性伤外
1	拇趾与二趾趾间距大
0	大距间趾趾二与趾拇
1	面长耳大
0	大耳长面
1	胃粘膜脱垂
0	垂脱膜粘胃
1	紫绀和血缺氧
0	氧缺血和绀紫
1	干性脚气
0	气脚性干
1	盲肠阿米巴肉芽肿
0	肿芽肉巴米阿肠盲
1	桡骨茎突剧痛
0	痛剧突茎骨桡
1	耳内流脓
0	脓流内耳
1	耳垂里有硬疙瘩
0	瘩疙硬有里垂耳
1	扁桃体变小而坚韧
0	韧坚而小变体桃扁
1	性受虐癖
0	癖虐受性
1	颈性高血压
0	压血高性颈
1	外斐氏试验阴性
0	性阴验试氏斐外
1	胆心综合征
0	征合综心胆
1	杯状耳
0	耳状杯
1	耳孔处长出的肿物
0	物肿的出长处孔耳
1	咳痰
0	痰咳
1	无搏动性
0	性动搏无
1	药物性水肿
0	肿水性物药
1	肾小球基底膜蛾噬现象
0	象现噬蛾膜底基球小肾
1	脐带过短
0	短过带脐
1	病理性REM睡眠
0	眠睡MER性理病
1	长头畸形
0	形畸头长
1	粪样呕吐物
0	物吐呕样粪
1	食管黏膜呈管型剥脱
0	脱剥型管呈膜黏管食
1	胰腺功能不足
0	足不能功腺胰
1	上腹及腰背部有"束带感"
0	"感带束"有部背腰及腹上
1	大便色浅
0	浅色便大
1	失血过多后贫血
0	血贫后多过血失
1	耳蜗性耳聋
0	聋耳性蜗耳
1	反复上呼吸道感染
0	染感道吸呼上复反
1	睡觉时心跳加快
0	快加跳心时觉睡
1	中心性钙化
0	化钙性心中
1	硬脊膜膨出
0	出膨膜脊硬
1	局部灼热
0	热灼部局
1	肌腱扭伤
0	伤扭腱肌
1	手足脱皮
0	皮脱足手
1	睾丸胀痛
0	痛胀丸睾
1	颈椎关节的根性疼痛
0	痛疼性根的节关椎颈
1	大动脉供血障碍
0	碍障血供脉动大
1	前臂细小
0	小细臂前
1	入睡幻觉
0	觉幻睡入
1	瞳孔中能见到白色反光
0	光反色白到见能中孔瞳
1	脑叶出血
0	血出叶脑
1	安静腹
0	腹静安
1	幽门肌肥大
0	大肥肌门幽
1	趾蹼间隙麻木
0	木麻隙间蹼趾
1	颈部呈僵直状
0	状直僵呈部颈
1	过敏性皮炎
0	炎皮性敏过
1	足底烧灼感
0	感灼烧底足
1	伴高血压
0	压血高伴
1	指(趾)甲脆软萎缩
0	缩萎软脆甲)趾(指
1	结肠血管发育不良
0	良不育发管血肠结
1	肌张力过高
0	高过力张肌
1	心肌灰白而松弛
0	弛松而白灰肌心
1	挖鼻孔
0	孔鼻挖
1	吮乳困难
0	难困乳吮
1	虹膜异色
0	色异膜虹
1	吞咽发呛
0	呛发咽吞
1	乳白色尿
0	尿色白乳
1	烦躁不安
0	安不躁烦
1	酒精性幻觉症
0	症觉幻性精酒
1	睾丸萎缩
0	缩萎丸睾
1	咳声嘶哑
0	哑嘶声咳
1	颌下腺疼痛、压痛
0	痛压、痛疼腺下颌
1	老来瘦
0	瘦来老
1	舌位于口腔底不能外伸
0	伸外能不底腔口于位舌
1	静脉血流滞缓
0	缓滞流血脉静
1	目痛
0	痛目
1	疼痛性股青肿
0	肿青股性痛疼
1	尿色酱红或呈酱油色
0	色油酱呈或红酱色尿
1	分离性漫游症
0	症游漫性离分
1	运动后尿血
0	血尿后动运
1	皮肤粘膜红紫
0	紫红膜粘肤皮
1	指甲可见横沟纺
0	纺沟横见可甲指
1	呼气音延长
0	长延音气呼
1	房室分离
0	离分室房
1	幽门瘢痕性狭窄
0	窄狭性痕瘢门幽
1	肾脏缩小
0	小缩脏肾
1	腹部逐渐胀大
0	大胀渐逐部腹
1	阴唇融合
0	合融唇阴
1	肌张力减低
0	低减力张肌
1	紫癜
0	癜紫
1	浅眠
0	眠浅
1	宫颈囊肿
0	肿囊颈宫
1	足痛
0	痛足
1	疼痛弧征
0	征弧痛疼
1	肠梗死
0	死梗肠
1	产后抑郁
0	郁抑后产
1	皮肤干燥
0	燥干肤皮
1	不完全性房内阻滞
0	滞阻内房性全完不
1	脉搏细速
0	速细搏脉
1	骨硬化
0	化硬骨
1	胃移位
0	位移胃
1	习惯性腹泻
0	泻腹性惯习
1	神经性厌食
0	食厌性经神
1	指或趾甲下裂片状出血
0	血出状片裂下甲趾或指
1	气虚体质
0	质体虚气
1	粘膜疹
0	疹膜粘
1	呕吐
0	吐呕
1	指骨节肥大
0	大肥节骨指
1	消化道内毛石或毛粪石形成
0	成形石粪毛或石毛内道化消
1	强硬舌
0	舌硬强
1	身体变形障碍
0	碍障形变体身
1	皮肤皲裂
0	裂皲肤皮
1	呼吸不规则
0	则规不吸呼
1	血管痣
0	痣管血
1	紧张性疲劳
0	劳疲性张紧
1	温醒现象
0	象现醒温
1	寰枢关节不稳定
0	定稳不节关枢寰
1	尿常规异常
0	常异规常尿
1	健忘
0	忘健
1	内收型骨折
0	折骨型收内
1	手酸
0	酸手
1	皮窦道
0	道窦皮
1	心脏功能突然失代偿
0	偿代失然突能功脏心
1	皮肤上线状排列的小水疱伴发疼痛
0	痛疼发伴疱水小的列排状线上肤皮
1	子宫呈葫芦状
0	状芦葫呈宫子
1	牙齿颈部黄斑
0	斑黄部颈齿牙
1	肢端角化
0	化角端肢
1	括约肌功能障碍
0	碍障能功肌约括
1	脂肪过多
0	多过肪脂
1	一侧颜面肥大
0	大肥面颜侧一
1	喉部堵塞感
0	感塞堵部喉
1	脑干病变
0	变病干脑
1	恶心
0	心恶
1	肥达反应阳性
0	性阳应反达肥
1	呼吸异常
0	常异吸呼
1	肢体内翻
0	翻内体肢
1	心动过速
0	速过动心
1	乳痛症
0	症痛乳
1	慢性肾损害
0	害损肾性慢
1	儿童反复骨折
0	折骨复反童儿
1	乳头肌断裂
0	裂断肌头乳
1	内脏痛
0	痛脏内
1	泌尿生殖窦
0	窦殖生尿泌
1	瘤体坚硬
0	硬坚体瘤
1	烧伤后尿量减少
0	少减量尿后伤烧
1	足跟后凸
0	凸后跟足
1	经期小腹坠痛
0	痛坠腹小期经
1	脓毒性血栓
0	栓血性毒脓
1	日常生活能力减退和行为异常
0	常异为行和退减力能活生常日
1	疤痕体质
0	质体痕疤
1	鼻翼厚
0	厚翼鼻
1	生理性厌食
0	食厌性理生
1	气息异常
0	常异息气
1	眨眼不止
0	止不眼眨
1	咳嗽伴呼吸困难
0	难困吸呼伴嗽咳
1	气血失和
0	和失血气
1	指(趾)肿胀
0	胀肿)趾(指
1	主动脉环扩张
0	张扩环脉动主
1	急性溶血性尿毒综合征
0	征合综毒尿性血溶性急
1	黄素化囊肿
0	肿囊化素黄
1	腹壁红斑
0	斑红壁腹
1	血清免疫球蛋白可升高
0	高升可白蛋球疫免清血
1	头发枯黄稀疏
0	疏稀黄枯发头
1	管型尿
0	尿型管
1	大便不成形
0	形成不便大
1	叶间裂移位
0	位移裂间叶
1	咽反射亢进
0	进亢射反咽
1	腱反射消失
0	失消射反腱
1	胱氨酸储积症
0	症积储酸氨胱
1	固定于一侧眼及眼眶周围的晚间头痛
0	痛头间晚的围周眶眼及眼侧一于定固
1	乳头发炎
0	炎发头乳
1	虹膜节段性萎缩
0	缩萎性段节膜虹
1	无目的咀嚼舐唇
0	唇舐嚼咀的目无
1	全身肌张力障碍
0	碍障力张肌身全
1	空肠憩室
0	室憩肠空
1	肝内形成嗜酸性肉芽肿
0	肿芽肉性酸嗜成形内肝
1	自杀行为
0	为行杀自
1	健康线异常
0	常异线康健
1	强直性肌张力增高
0	高增力张肌性直强
1	复合性溃疡
0	疡溃性合复
1	关节肿胀
0	胀肿节关
1	模仿言语
0	语言仿模
1	吸吮反射消失
0	失消射反吮吸
1	浑身酸痛
0	痛酸身浑
1	运动失调
0	调失动运
1	乳房或乳头未发育
0	育发未头乳或房乳
1	小脑出血
0	血出脑小
1	睡觉流口水
0	水口流觉睡
1	两眼干涩
0	涩干眼两
1	长骨肿胀疼痛
0	痛疼胀肿骨长
1	双侧手足徐动
0	动徐足手侧双
1	临产后胎头衔接较晚
0	晚较接衔头胎后产临
1	皮肤油脂过多
0	多过脂油肤皮
1	溃疡外观呈火山口样
0	样口山火呈观外疡溃
1	牙关紧闭
0	闭紧关牙
1	前臂和腕部的疼痛
0	痛疼的部腕和臂前
1	面色灰暗
0	暗灰色面
1	清晨或上午头痛
0	痛头午上或晨清
1	浆液脓性分泌物
0	物泌分性脓液浆
1	横膈低平
0	平低膈横
1	屈光介质混浊
0	浊混质介光屈
1	复聪现象
0	象现聪复
1	鼻塞
0	塞鼻
1	产后便血
0	血便后产
1	锑性皮炎
0	炎皮性锑
1	不良建筑综合征
0	征合综筑建良不
1	类风湿关节炎
0	炎节关湿风类
1	指节增粗
0	粗增节指
1	声音异常
0	常异音声
1	脐周肿胀
0	胀肿周脐
1	鼻翼扇动
0	动扇翼鼻
1	视觉识别障碍性眩晕
0	晕眩性碍障别识觉视
1	胸痛
0	痛胸
1	面部脱皮
0	皮脱部面
1	幽门狭窄
0	窄狭门幽
1	关节腔内出血
0	血出内腔节关
1	定向力障碍
0	碍障力向定
1	焦虑性适应障碍
0	碍障应适性虑焦
1	下肢发凉
0	凉发肢下
1	唇部发绀
0	绀发部唇
1	脸色发黄
0	黄发色脸
1	易于产生病理嫉妒信念
0	念信妒嫉理病生产于易
1	血糖升高
0	高升糖血
1	胸壁浸润
0	润浸壁胸
1	耸肩喘息
0	息喘肩耸
1	折刀现象
0	象现刀折
1	酒精性心肌
0	肌心性精酒
1	婴儿头皮有黄色结痂
0	痂结色黄有皮头儿婴
1	低蛋白血症
0	症血白蛋低
1	手机依赖症
0	症赖依机手
1	头皮撕裂伤
0	伤裂撕皮头
1	呻吟
0	吟呻
1	肺受累
0	累受肺
1	运动性失语
0	语失性动运
1	癫痫和癫痫样发作
0	作发样痫癫和痫癫
1	腱索断裂
0	裂断索腱
1	发作性傻笑
0	笑傻性作发
1	卵巢缺如或发育不全
0	全不育发或如缺巢卵
1	共济失调
0	调失济共
1	角膜大小不等的透明水泡
0	泡水明透的等不小大膜角
1	原发灶不明的转移灶
0	灶移转的明不灶发原
1	舌轻度外吐
0	吐外度轻舌
1	睡行症
0	症行睡
1	痔出血
0	血出痔
1	口腔念珠菌感染
0	染感菌珠念腔口
1	两肺满布粟粒状阴影
0	影阴状粒粟布满肺两
1	感觉倒错
0	错倒觉感
1	耳鸣
0	鸣耳
1	流鼻涕
0	涕鼻流
1	小孩频繁眨眼
0	眼眨繁频孩小
1	自发性球内出血
0	血出内球性发自
1	发作后精神障碍
0	碍障神精后作发
1	捻发音
0	音发捻
1	产后肥胖
0	胖肥后产
1	周围组织灌注不良
0	良不注灌织组围周
1	容貌逐渐变得粗笨
0	笨粗得变渐逐貌容
1	癌细胞逆行播散
0	散播行逆胞细癌
1	难治性贫血
0	血贫性治难
1	高粘滞综合征
0	征合综滞粘高
1	无汗腺导管角质护膜分化
0	化分膜护质角管导腺汗无
1	骨质破坏
0	坏破质骨
1	癫痫的植物神经性发作
0	作发性经神物植的痫癫
1	菱形-现象
0	象现-形菱
1	手势性自动症
0	症动自性势手
1	被害妄想
0	想妄害被
1	胸椎侧弯
0	弯侧椎胸
1	知觉消失
0	失消觉知
1	网眼样痴呆
0	呆痴样眼网
1	疤痕萎缩凹陷
0	陷凹缩萎痕疤
1	牛奶色或米汤样便
0	便样汤米或色奶牛
1	思虑伤脾
0	脾伤虑思
1	双相型体温
0	温体型相双
1	鼻梁平塌
0	塌平梁鼻
1	革脉
0	脉革
1	急性肾衰竭
0	竭衰肾性急
1	小儿青盲
0	盲青儿小
1	单眼眼前黑影
0	影黑前眼眼单
1	睑裂狭小
0	小狭裂睑
1	垂体性闭经
0	经闭性体垂
1	红色盲
0	盲色红
1	间歇性失忆
0	忆失性歇间
1	纵隔增宽
0	宽增隔纵
1	小儿维生素D缺乏
0	乏缺D素生维儿小
1	肠壅积
0	积壅肠
1	深睡眠症
0	症眠睡深
1	阑尾穿孔
0	孔穿尾阑
1	眉下垂或位置低
0	低置位或垂下眉
1	脊髓丘脑束受压
0	压受束脑丘髓脊
1	口唇周围麻木感刺痛
0	痛刺感木麻围周唇口
1	低血糖性昏迷
0	迷昏性糖血低
1	粪便带绿色
0	色绿带便粪
1	经期便血
0	血便期经
1	手指扭伤
0	伤扭指手
1	腰椎退化
0	化退椎腰
1	婴儿睡眠少
0	少眠睡儿婴
1	腰大肌阴影消失
0	失消影阴肌大腰
1	背部有隐约麻痛不适
0	适不痛麻约隐有部背
1	直立性脱虚
0	虚脱性立直
1	吸气时胸口痛
0	痛口胸时气吸
1	立毛反射亢进
0	进亢射反毛立
1	玻璃体有血迹
0	迹血有体璃玻
1	重度烧伤
0	伤烧度重
1	颈部怕前屈
0	屈前怕部颈
1	耳内闭塞感
0	感塞闭内耳
1	颅外头痛
0	痛头外颅
1	肺容量减小
0	小减量容肺
1	脐周围褪色
0	色褪围周脐
1	口唇泛红
0	红泛唇口
1	心脏杂音
0	音杂脏心
1	乳房和生殖器萎缩
0	缩萎器殖生和房乳
1	排粪时肛门灼痛
0	痛灼门肛时粪排
1	纵行骨折
0	折骨行纵
1	小肠危象
0	象危肠小
1	逼尿肌无反射
0	射反无肌尿逼
1	渗出性胸水
0	水胸性出渗
1	心肌细胞的浊肿
0	肿浊的胞细肌心
1	免疫缺陷
0	陷缺疫免
1	腰椎不稳
0	稳不椎腰
1	舌震颤
0	颤震舌
1	体重减轻
0	轻减重体
1	尿中有特殊鼠臭味
0	味臭鼠殊特有中尿
1	舌型骨折
0	折骨型舌
1	站立久后的浮肿
0	肿浮的后久立站
1	鼻干
0	干鼻
1	爪状趾
0	趾状爪
1	脓性分泌物
0	物泌分性脓
1	虚脱
0	脱虚
1	足背部肿胀
0	胀肿部背足
1	晶状体脱位或半脱位
0	位脱半或位脱体状晶
1	颌骨错位
0	位错骨颌
1	胆囊的超敏反应
0	应反敏超的囊胆
1	流行性肌痛
0	痛肌性行流
1	皮肤撕脱伤
0	伤脱撕肤皮
1	手脚冰凉
0	凉冰脚手
1	输尿管狭窄
0	窄狭管尿输
1	臀部可触及上移的股骨头
0	头骨股的移上及触可部臀
1	口唇疱疹
0	疹疱唇口
1	胸水
0	水胸
1	皮肤发黄
0	黄发肤皮
1	小肠内的低pH
0	Hp低的内肠小
1	新生儿蛋白尿
0	尿白蛋儿生新
1	衰弱
0	弱衰
1	轻瘫
0	瘫轻
1	夜盲
0	盲夜
1	意识朦胧状态
0	态状胧朦识意
1	腰脊椎疼痛
0	痛疼椎脊腰
1	细胞酶活性异常
0	常异性活酶胞细
1	卵圆窝未闭
0	闭未窝圆卵
1	子宫破裂征象
0	象征裂破宫子
1	指甲易碎
0	碎易甲指
1	尿胆原增加
0	加增原胆尿
1	肛管括约肌横断
0	断横肌约括管肛
1	尿黄似浓茶
0	茶浓似黄尿
1	脓痰
0	痰脓
1	吐酸
0	酸吐
1	脐窝内有肉芽组织增生
0	生增织组芽肉有内窝脐
1	脑神经麻痹
0	痹麻经神脑
1	新生儿心力衰竭
0	竭衰力心儿生新
1	精液稠
0	稠液精
1	产后全身酸痛
0	痛酸身全后产
1	远端胃窦产生异位节律
0	律节位异生产窦胃端远
1	裂腭
0	腭裂
1	巩膜外层炎
0	炎层外膜巩
1	耳垂长痘
0	痘长垂耳
1	鼻裂
0	裂鼻
1	复视
0	视复
1	全身紧束感
0	感束紧身全
1	结膜异物
0	物异膜结
1	甲状腺肿
0	肿腺状甲
1	牙龈上发生黑线
0	线黑生发上龈牙
1	角膜上点状暗灰色混浊
0	浊混色灰暗状点上膜角
1	眶周瘀斑
0	斑瘀周眶
1	左、右腰腹痛
0	痛腹腰右、左
1	咽反射
0	射反咽
1	超雌
0	雌超
1	青紫舌
0	舌紫青
1	皮肤弥漫性红肿
0	肿红性漫弥肤皮
1	月经量多
0	多量经月
1	骨皮质变薄
0	薄变质皮骨
1	面部血管纤维瘤
0	瘤维纤管血部面
1	背部酸痛
0	痛酸部背
1	皮肤干而发红
0	红发而干肤皮
1	子宫呈横椭圆形
0	形圆椭横呈宫子
1	小腿内侧感觉丧失
0	失丧觉感侧内腿小
1	先兆子宫破裂
0	裂破宫子兆先
1	会阴部牵引痛
0	痛引牵部阴会
1	精神创伤
0	伤创神精
1	膈下感染
0	染感下膈
1	代偿作用
0	用作偿代
1	皮质滤泡萎缩
0	缩萎泡滤质皮
1	肩关节活动受限
0	限受动活节关肩
1	烧心
0	心烧
1	刷牙出血
0	血出牙刷
1	跨阈步态
0	态步阈跨
1	儿童不敢平卧睡觉
0	觉睡卧平敢不童儿
1	肛乳头肥大
0	大肥头乳肛
1	髓鞘化延迟
0	迟延化鞘髓
1	尿外渗
0	渗外尿
1	胸部隐痛
0	痛隐部胸
1	血性恶露
0	露恶性血
1	神志淡漠
0	漠淡志神
1	脊髓受压
0	压受髓脊
1	脐带绕颈
0	颈绕带脐
1	甲状软骨下可触及异物撞击震动感
0	感动震击撞物异及触可下骨软状甲
1	痉挛性偏瘫步态
0	态步瘫偏性挛痉
1	懒胆囊
0	囊胆懒
1	阳虚胃痛
0	痛胃虚阳
1	满月脸
0	脸月满
1	紧张
0	张紧
1	眼缺陷
0	陷缺眼
1	舌乳头增生
0	生增头乳舌
1	红细胞分布宽度偏高
0	高偏度宽布分胞细红
1	手足发抖
0	抖发足手
1	心悸
0	悸心
1	脑实质出血
0	血出质实脑
1	子宫颈有举痛
0	痛举有颈宫子
1	角膜混浊
0	浊混膜角
1	功能性震颤
0	颤震性能功
1	发绀
0	绀发
1	打呼噜
0	噜呼打
1	红细胞寿命缩短
0	短缩命寿胞细红
1	头颅骨病变
0	变病骨颅头
1	口唇发黄
0	黄发唇口
1	颈动脉痛
0	痛脉动颈
1	肋骨及胸骨下吸入性凹陷
0	陷凹性入吸下骨胸及骨肋
1	排尿前后膀胱区痛
0	痛区胱膀后前尿排
1	骶尾部窦道形成
0	成形道窦部尾骶
1	产后脱发
0	发脱后产
1	钙化影
0	影化钙
1	神经性头痛
0	痛头性经神
1	男子性功能障碍
0	碍障能功性子男
1	阴道排出碎块组织
0	织组块碎出排道阴
1	胃肠道出血
0	血出道肠胃
1	皮质功能减退
0	退减能功质皮
1	马蹄外翻足
0	足翻外蹄马
1	阑尾周围脓肿
0	肿脓围周尾阑
1	眼部感染
0	染感部眼
1	口辣
0	辣口
1	出血性梗死
0	死梗性血出
1	血压下降
0	降下压血
1	小血管纤维性坏死
0	死坏性维纤管血小
1	猝死
0	死猝
1	肝内淤胆
0	胆淤内肝
1	卵巢增大
0	大增巢卵
1	中枢性发热
0	热发性枢中
1	中耳和耳咽管纤毛异常
0	常异毛纤管咽耳和耳中
1	波动性听力减退
0	退减力听性动波
1	胆囊积脓
0	脓积囊胆
1	成瘾
0	瘾成
1	牙脱位
0	位脱牙
1	小支气管平滑肌挛缩
0	缩挛肌滑平管气支小
1	纵隔浊音界扩大
0	大扩界音浊隔纵
1	术后腹胀
0	胀腹后术
1	腹痛伴休克
0	克休伴痛腹
1	皮肤痣
0	痣肤皮
1	足踝捩伤
0	伤捩踝足
1	鼻端缺损
0	损缺端鼻
1	特征性趾端大片状脱皮
0	皮脱状片大端趾性征特
1	假期综合症
0	症合综期假
1	松果体区占位病变
0	变病位占区体果松
1	头颈部活动受限
0	限受动活部颈头
1	尿崩
0	崩尿
1	耳道堵塞
0	塞堵道耳
1	回声阴影
0	影阴声回
1	耳垂小
0	小垂耳
1	喉痒咳嗽
0	嗽咳痒喉
1	气短
0	短气
1	脑室出血
0	血出室脑
1	鼻粘膜溃疡
0	疡溃膜粘鼻
1	腰部僵硬及腰前凸消失
0	失消凸前腰及硬僵部腰
1	视力障碍
0	碍障力视
1	口干渴难忍
0	忍难渴干口
1	妊娠期高血压
0	压血高期娠妊
1	双肺的吸气爆裂音
0	音裂爆气吸的肺双
1	瞳孔变形
0	形变孔瞳
1	肩胛骨酸痛
0	痛酸骨胛肩
1	面色青紫
0	紫青色面
1	锥虫性"下疳"
0	"疳下"性虫锥
1	线状骨折
0	折骨状线
1	心脏僵硬
0	硬僵脏心
1	耳道异物
0	物异道耳
1	踝关节肿胀
0	胀肿节关踝
1	腓肠肌拉伤
0	伤拉肌肠腓
1	喃喃重复自语
0	语自复重喃喃
1	体内水钠潴留
0	留潴钠水内体
1	运动性兴奋或抑制
0	制抑或奋兴性动运
1	孕妇全身性水肿
0	肿水性身全妇孕
1	芤脉
0	脉芤
1	易疲乏
0	乏疲易
1	白血病细胞浸润
0	润浸胞细病血白
1	偏身麻木
0	木麻身偏
1	肌肉砸伤
0	伤砸肉肌
1	胸膜转移
0	移转膜胸
1	血象异常
0	常异象血
1	感觉分离
0	离分觉感
1	冠状动脉栓塞
0	塞栓脉动状冠
1	晨起前额疼
0	疼额前起晨
1	髌周指压痛
0	痛压指周髌
1	头皮松垂
0	垂松皮头
1	尿道的条索状肿块
0	块肿状索条的道尿
1	老年人流泪多
0	多泪流人年老
1	新生儿绿牙或棕褐色牙
0	牙色褐棕或牙绿儿生新
1	一侧胸廓塌陷
0	陷塌廓胸侧一
1	蜂窝组织炎
0	炎织组窝蜂
1	厌食
0	食厌
1	骨骼停止发育
0	育发止停骼骨
1	鱼鳞癣样红皮
0	皮红样癣鳞鱼
1	思维不连贯
0	贯连不维思
1	习惯性脱臼
0	臼脱性惯习
1	黄白色黏痰有水果味
0	味果水有痰黏色白黄
1	气管间隙形成肿块
0	块肿成形隙间管气
1	腋窝多汗
0	汗多窝腋
1	摇头转颈
0	颈转头摇
1	蠕动感
0	感动蠕
1	口酸伴有口苦烧心
0	心烧苦口有伴酸口
1	颌骨内似牙的硬组织
0	织组硬的牙似内骨颌
1	纤毛结构缺陷
0	陷缺构结毛纤
1	瘤块压迫
0	迫压块瘤
1	餐后血糖过低
0	低过糖血后餐
1	心脑血管意外
0	外意管血脑心
1	凹凸不平
0	平不凸凹
1	腹腔种植
0	植种腔腹
1	自主神经危象
0	象危经神主自
1	肘痛
0	痛肘
1	臂丛神经受累
0	累受经神丛臂
1	迁移性脓肿
0	肿脓性移迁
1	乳头状肿物
0	物肿状头乳
1	运动传导束受累
0	累受束导传动运
1	呼吸音减弱
0	弱减音吸呼
1	睑结膜沙粒外观
0	观外粒沙膜结睑
1	胸锁乳突肌附着处压痛
0	痛压处着附肌突乳锁胸
1	小肠细菌过度生长
0	长生度过菌细肠小
1	色觉异常
0	常异觉色
1	网状青斑
0	斑青状网
1	肌肉跳动
0	动跳肉肌
1	眼球垂直运动障碍
0	碍障动运直垂球眼
1	死精子过多
0	多过子精死
1	胎动改变
0	变改动胎
1	肝豆状核变性
0	性变核状豆肝
1	点头征
0	征头点
1	斑疹
0	疹斑
1	足外翻
0	翻外足
1	夕阳综合征
0	征合综阳夕
1	鼻粘膜溃疡和萎缩
0	缩萎和疡溃膜粘鼻
1	岔气
0	气岔
1	全身各脏器血流缓慢
0	慢缓流血器脏各身全
1	低氯性碱中毒
0	毒中碱性氯低
1	风丘疹
0	疹丘风
1	心慌
0	慌心
1	阵挛-强直型
0	型直强-挛阵
1	舌口及咽部烧灼感
0	感灼烧部咽及口舌
1	动脉血氧饱和度降低
0	低降度和饱氧血脉动
1	继发性便秘
0	秘便性发继
1	外踝呈现凹陷
0	陷凹现呈踝外
1	腰部僵直感
0	感直僵部腰
1	指甲冻伤
0	伤冻甲指
1	经期前乳房痛
0	痛房乳前期经
1	皮下组织硬结
0	结硬织组下皮
1	鼻粘膜肿胀
0	胀肿膜粘鼻
1	手小形方
0	方形小手
1	剧烈眩晕
0	晕眩烈剧
1	婴儿过胖
0	胖过儿婴
1	指鼻不准
0	准不鼻指
1	晕眩
0	眩晕
1	中上腹持续性疼痛
0	痛疼性续持腹上中
1	双侧睑外翻
0	翻外睑侧双
1	胸壁疼痛
0	痛疼壁胸
1	坏疽
0	疽坏
1	右下腹痛
0	痛腹下右
1	周期性嗜睡强食症
0	症食强睡嗜性期周
1	持续性弛张热
0	热张弛性续持
1	淋巴液流出
0	出流液巴淋
1	下睑外翻
0	翻外睑下
1	口咸
0	咸口
1	决断困难感
0	感难困断决
1	乳房疼痛
0	痛疼房乳
1	皮肤有压痕
0	痕压有肤皮
1	粘液腺体肥大
0	大肥体腺液粘
1	幻味
0	味幻
1	自我定向障碍
0	碍障向定我自
1	肥胖前期
0	期前胖肥
1	脊髓休克
0	克休髓脊
1	甲状腺功能低下
0	下低能功腺状甲
1	过早丧失咀嚼功能
0	能功嚼咀失丧早过
1	心慌气短
0	短气慌心
1	高热
0	热高
1	心境不良
0	良不境心
1	指甲类似云母
0	母云似类甲指
1	眼结膜上出现瘀点
0	点瘀现出上膜结眼
1	牙齿上白垩色到褐色的斑块
0	块斑的色褐到色垩白上齿牙
1	巨大的结肠
0	肠结的大巨
1	肛门畸形
0	形畸门肛
1	弥漫性脐周疼痛
0	痛疼周脐性漫弥
1	潮红潮热
0	热潮红潮
1	闭经
0	经闭
1	胸片示肺内孤立结节
0	节结立孤内肺示片胸
1	皮肤呈实质性非凹陷性发硬
0	硬发性陷凹非性质实呈肤皮
1	心脏增大
0	大增脏心
1	高热寒战
0	战寒热高
1	手部功能完全丧失
0	失丧全完能功部手
1	双眼眶距宽
0	宽距眶眼双
1	粪便脓血
0	血脓便粪
1	胎心率异常
0	常异率心胎
1	腮腺无痛性肿块
0	块肿性痛无腺腮
1	重听
0	听重
1	空腹低血糖
0	糖血低腹空
1	外阴呈幼稚型无阴毛
0	毛阴无型稚幼呈阴外
1	浅表淋巴结肿大
0	大肿结巴淋表浅
1	拇指内收畸形
0	形畸收内指拇
1	腕关节圆形的软包块
0	块包软的形圆节关腕
1	髓性纤维化
0	化维纤性髓
1	喜凉怕热
0	热怕凉喜
1	外踝前下方肿胀和疼痛
0	痛疼和胀肿方下前踝外
1	肝区摩擦音
0	音擦摩区肝
1	齿龈肿胀
0	胀肿龈齿
1	一侧性下腹剧烈疼痛
0	痛疼烈剧腹下性侧一
1	心脏畸形
0	形畸脏心
1	拔牙后伤口经久不愈
0	愈不久经口伤后牙拔
1	上睑黄白色小点
0	点小色白黄睑上
1	手指发绀或坏死
0	死坏或绀发指手
1	肩胛带的肌肉不发达
0	达发不肉肌的带胛肩
1	静脉侧支循环建立
0	立建环循支侧脉静
1	排尿疼痛
0	痛疼尿排
1	恋尸型性变态
0	态变性型尸恋
1	网状色素沉着斑
0	斑着沉素色状网
1	畏光
0	光畏
1	孕妇小腹痛
0	痛腹小妇孕
1	中心暗点以及屈光度的改变
0	变改的度光屈及以点暗心中
1	胎粪污染
0	染污粪胎
1	耳闷
0	闷耳
1	眼肌麻痹
0	痹麻肌眼
1	儿童大便失禁
0	禁失便大童儿
1	呼吸抑制
0	制抑吸呼
1	腱反射亢进
0	进亢射反腱
1	肢端缺血
0	血缺端肢
1	肝气郁结
0	结郁气肝
1	尿液臭味
0	味臭液尿
1	肢体麻痛
0	痛麻体肢
1	枕横位入盆
0	盆入位横枕
1	口腔黏膜呈现青紫色
0	色紫青现呈膜黏腔口
1	睡眠唤醒反应
0	应反醒唤眠睡
1	失用性综合征
0	征合综性用失
1	双侧肾内痛
0	痛内肾侧双
1	手震颤
0	颤震手
1	对侧肢体偏瘫
0	瘫偏体肢侧对
1	入球小动脉玻璃样变
0	变样璃玻脉动小球入
1	味觉减退
0	退减觉味
1	肠胀气
0	气胀肠
1	更年期功血
0	血功期年更
1	苯丙氨酸代谢障碍
0	碍障谢代酸氨丙苯
1	夜惊
0	惊夜
1	性早熟
0	熟早性
1	强迫性人格
0	格人性迫强
1	搭肩试验阳性
0	性阳验试肩搭
1	足不能跖屈和内翻
0	翻内和屈跖能不足
1	泪膜消失
0	失消膜泪
1	下腰部疼痛
0	痛疼部腰下
1	面容呈灰色
0	色灰呈容面
1	瘀血
0	血瘀
1	腋部肿块
0	块肿部腋
1	代谢性低钾
0	钾低性谢代
1	胃部隐痛
0	痛隐部胃
1	衰老加快
0	快加老衰
1	脚臭
0	臭脚
1	痰中带血丝
0	丝血带中痰
1	霉菌感染
0	染感菌霉
1	阴毛早发育
0	育发早毛阴
1	指甲尖有缺痕
0	痕缺有尖甲指
1	心脏性猝死
0	死猝性脏心
1	血管壁变薄
0	薄变壁管血
1	舌乳头消失
0	失消头乳舌
1	肌腱粘连
0	连粘腱肌
1	脸上黑斑
0	斑黑上脸
1	黏液脓性痰
0	痰性脓液黏
1	出冷汗
0	汗冷出
1	纵隔阴影
0	影阴隔纵
1	非对称性关节痛
0	痛节关性称对非
1	胃粘膜增粗
0	粗增膜粘胃
1	额叶癫痫岛盖发作
0	作发盖岛痫癫叶额
1	阴道转移
0	移转道阴
1	皮肤和软组织感染
0	染感织组软和肤皮
1	痰鸣音
0	音鸣痰
1	持续性头晕
0	晕头性续持
1	手指歪斜
0	斜歪指手
1	牙齿拥挤错位排列不齐
0	齐不列排位错挤拥齿牙
1	额部白斑
0	斑白部额
1	休克
0	克休
1	嗜睡
0	睡嗜
1	下身肥胖
0	胖肥身下
1	记忆力障碍
0	碍障力忆记
1	皮肤温度升高
0	高升度温肤皮
1	便血
0	血便
1	腰骶部酸痛
0	痛酸部骶腰
1	膝关节软弱无力
0	力无弱软节关膝
1	跌倒发作
0	作发倒跌
1	淋巴结充血
0	血充结巴淋
1	脸色发黑
0	黑发色脸
1	暴饮暴食
0	食暴饮暴
1	外阴鳞状上皮疣状增生
0	生增状疣皮上状鳞阴外
1	高颅压综合征
0	征合综压颅高
1	胡萝卜素血症
0	症血素卜萝胡
1	成人多动症
0	症动多人成
1	龟头瘙痒
0	痒瘙头龟
1	紧张性头晕
0	晕头性张紧
1	囟门闭合晚
0	晚合闭门囟
1	挛缩性疤痕
0	痕疤性缩挛
1	腭部穿孔
0	孔穿部腭
1	上唇肥厚
0	厚肥唇上
1	神志恍惚
0	惚恍志神
1	烧伤创面苍白或焦黄炭化
0	化炭黄焦或白苍面创伤烧
1	毛发稀少
0	少稀发毛
1	吐白沫痰
0	痰沫白吐
1	羊水粪染
0	染粪水羊
1	门体侧支循环
0	环循支侧体门
1	鼻旁窦发育不良
0	良不育发窦旁鼻
1	皮肤黏膜苍白
0	白苍膜黏肤皮
1	强制性思维
0	维思性制强
1	肛周皮肤有湿疹
0	疹湿有肤皮周肛
1	耳道流脓
0	脓流道耳
1	阴部溃疡
0	疡溃部阴
1	眼睑呈紫红色
0	色红紫呈睑眼
1	直肠疼痛
0	痛疼肠直
1	头发淡黄色
0	色黄淡发头
1	心音低钝
0	钝低音心
1	耳道划伤
0	伤划道耳
1	腹泻
0	泻腹
1	紧张性木僵
0	僵木性张紧
1	新生儿抽搐
0	搐抽儿生新
1	痉挛性咳嗽
0	嗽咳性挛痉
1	瘤体牵拉
0	拉牵体瘤
1	面部叩击征
0	征击叩部面
1	肾脏受累
0	累受脏肾
1	牙齿黑斑
0	斑黑齿牙
1	肾皮质坏死
0	死坏质皮肾
1	中度昏迷
0	迷昏度中
1	颅内头痛
0	痛头内颅
1	挤压伤
0	伤压挤
1	腕关节囊状的突起
0	起突的状囊节关腕
1	口腔粘膜有形似奶块的斑膜
0	膜斑的块奶似形有膜粘腔口
1	小指感觉消失
0	失消觉感指小
1	尿频
0	频尿
1	睡眠障碍
0	碍障眠睡
1	晶状体突出
0	出突体状晶
1	吡咯烷及呱啶尿
0	尿啶呱及烷咯吡
1	尿液混浊
0	浊混液尿
1	侧腹壁或后腰部有压痛
0	痛压有部腰后或壁腹侧
1	左上腹囊性包块有压痛
0	痛压有块包性囊腹上左
1	指(趾)甲颜色改变
0	变改色颜甲)趾(指
1	非凹陷黏液水肿
0	肿水液黏陷凹非
1	皮肤巩膜黄染
0	染黄膜巩肤皮
1	病理性脱发
0	发脱性理病
1	弹钢琴指(趾)征
0	征)趾(指琴钢弹
1	红细胞呈钱串状
0	状串钱呈胞细红
1	绿视
0	视绿
1	白天不自觉地将牙咬紧
0	紧咬牙将地觉自不天白
1	妊娠时出现的多毛
0	毛多的现出时娠妊
1	呈苍白色或紫红色
0	色红紫或色白苍呈
1	腭舌咽呼吸肌呈对称性弛缓性轻瘫
0	瘫轻性缓弛性称对呈肌吸呼咽舌腭
1	消化不良
0	良不化消
1	膝前疼痛
0	痛疼前膝
1	依赖公式化
0	化式公赖依
1	机械性压迫
0	迫压性械机
1	头部及眼后部疼痛并能听到连续不断的隆隆声
0	声隆隆的断不续连到听能并痛疼部后眼及部头
1	冲动型人格障碍
0	碍障格人型动冲
1	憩室出血
0	血出室憩
1	视网膜出血
0	血出膜网视
1	肾乳头及肾盂出血
0	血出盂肾及头乳肾
1	儿童偏头痛
0	痛头偏童儿
1	漏斗骨盆
0	盆骨斗漏
1	构音障碍
0	碍障音构
1	维生素E缺乏
0	乏缺E素生维
1	"鸡盲"或"雀盲"
0	"盲雀"或"盲鸡"
1	皮肤坏死
0	死坏肤皮
1	无痛性阴囊内肿块
0	块肿内囊阴性痛无
1	反复抽搐
0	搐抽复反
1	肠出血
0	血出肠
1	膀胱痉挛
0	挛痉胱膀
1	上肢突然出现肿胀酸痛
0	痛酸胀肿现出然突肢上
1	呼吸反射调节受损
0	损受节调射反吸呼
1	社交恐惧
0	惧恐交社
1	关节松弛
0	弛松节关
1	皮肤异色症
0	症色异肤皮
1	湿疹
0	疹湿
1	皮下脂肪萎缩
0	缩萎肪脂下皮
1	宫腔粘连
0	连粘腔宫
1	盆腔肿块
0	块肿腔盆
1	继发性不孕
0	孕不性发继
1	胎心率改变
0	变改率心胎
1	排尿过程中发生晕厥
0	厥晕生发中程过尿排
1	肾阴阳两虚
0	虚两阳阴肾
1	尿中组织胺排泄增加
0	加增泄排胺织组中尿
1	感觉障碍
0	碍障觉感
1	嗜酒性幻觉性精神错乱
0	乱错神精性觉幻性酒嗜
1	心室纤颤
0	颤纤室心
1	能力减退感
0	感退减力能
1	运动性闭经
0	经闭性动运
1	生长缓慢
0	慢缓长生
1	运动徐缓
0	缓徐动运
1	剧烈运动后腰痛
0	痛腰后动运烈剧
1	局灶症状
0	状症灶局
1	腭异常
0	常异腭
1	肾钙化
0	化钙肾
1	前胸压迫性疼痛
0	痛疼性迫压胸前
1	心脏压塞征象
0	象征塞压脏心
1	带状疱疹样外观
0	观外样疹疱状带
1	胆汁返流
0	流返汁胆
1	中性粒细胞增高
0	高增胞细粒性中
1	食管闭锁
0	锁闭管食
1	排气多
0	多气排
1	咽喉部充血
0	血充部喉咽
1	产后大便失禁
0	禁失便大后产
1	眼前冒火花或眼前闪光
0	光闪前眼或花火冒前眼
1	骨软化
0	化软骨
1	忧郁
0	郁忧
1	肾后性肾衰
0	衰肾性后肾
1	便秘
0	秘便
1	指甲很短
0	短很甲指
1	休克性神经受累
0	累受经神性克休
1	鼠疫样皮损
0	损皮样疫鼠
1	招风耳
0	耳风招
1	雄激素依赖
0	赖依素激雄
1	体肺循环栓塞
0	塞栓环循肺体
1	情绪性哮喘
0	喘哮性绪情
1	左上腹痛
0	痛腹上左
1	心包纤维增厚
0	厚增维纤包心
1	惊厥
0	厥惊
1	辗转体位
0	位体转辗
1	肺动脉闭锁
0	锁闭脉动肺
1	肘关节畸形
0	形畸节关肘
1	尿比重增高
0	高增重比尿
1	头发分叉
0	叉分发头
1	小儿疳积
0	积疳儿小
1	白色恶露
0	露恶色白
1	耳围凹陷
0	陷凹围耳
1	声调似小孩
0	孩小似调声
1	男性乳房大
0	大房乳性男
1	眼球穿孔
0	孔穿球眼
1	头痛为搏动性
0	性动搏为痛头
1	耳鼓膜破裂
0	裂破膜鼓耳
1	尿酸化异常
0	常异化酸尿
1	扁桃体肥大
0	大肥体桃扁
1	脑血管痉挛
0	挛痉管血脑
1	鼻唇沟发红皲裂
0	裂皲红发沟唇鼻
1	鼻翼上方缺损
0	损缺方上翼鼻
1	阴囊上有白色小疙瘩
0	瘩疙小色白有上囊阴
1	性心理不成熟
0	熟成不理心性
1	尿素廓清障碍
0	碍障清廓素尿
1	颈软不能抬头
0	头抬能不软颈
1	小儿爱咬指甲
0	甲指咬爱儿小
1	白色黏液状尿
0	尿状液黏色白
1	慢性湿疹样变
0	变样疹湿性慢
1	主动脉和肺动脉影偏小
0	小偏影脉动肺和脉动主
1	粪柱变形变细
0	细变形变柱粪
1	肾浓缩功能障碍
0	碍障能功缩浓肾
1	鞍鼻
0	鼻鞍
1	咯血伴呛咳
0	咳呛伴血咯
1	膝盖撞伤
0	伤撞盖膝
1	类癌面红
0	红面癌类
1	女性腰骶生理性前突明显
0	显明突前性理生骶腰性女
1	"X"型腿
0	腿型"X"
1	口淡无味
0	味无淡口
1	血栓肌化
0	化肌栓血
1	张口呼吸
0	吸呼口张
1	胆绞痛
0	痛绞胆
1	机械地重复周围人的言语或行为
0	为行或语言的人围周复重地械机
1	发作性不自主运动
0	动运主自不性作发
1	舞蹈样步态
0	态步样蹈舞
1	黏膜出现出血点
0	点血出现出膜黏
1	酒精中毒性幻觉症
0	症觉幻性毒中精酒
1	腰长骨刺
0	刺骨长腰
1	臀肌挛缩
0	缩挛肌臀
1	食管重复
0	复重管食
1	非感染性发热
0	热发性染感非
1	单角或双角子宫
0	宫子角双或角单
1	严重腹腔感染
0	染感腔腹重严
1	肾小管重吸收障碍
0	碍障收吸重管小肾
1	颅压增高
0	高增压颅
1	皮肤油腻
0	腻油肤皮
1	眼白出现红点
0	点红现出白眼
1	面颊及上胸部充血
0	血充部胸上及颊面
1	血疱
0	疱血
1	白色念珠菌感染
0	染感菌珠念色白
1	外阴瘙痒
0	痒瘙阴外
1	长头巨脑
0	脑巨头长
1	耳内疼痛
0	痛疼内耳
1	心理年龄大于生理年龄
0	龄年理生于大龄年理心
1	脊髓性间歇破行
0	行破歇间性髓脊
1	皮肤搔痒
0	痒搔肤皮
1	软腭浅表溃疡
0	疡溃表浅腭软
1	颅内钙化
0	化钙内颅
1	病理性赘述
0	述赘性理病
1	血丝痰
0	痰丝血
1	偏瘫
0	瘫偏
1	膝关节积液
0	液积节关膝
1	牙龈肿胀
0	胀肿龈牙
1	吞气
0	气吞
1	颈动脉搏动减弱或消失
0	失消或弱减动搏脉动颈
1	尿中有较多尿卟啉
0	啉卟尿多较有中尿
1	肢体过度肥大
0	大肥度过体肢
1	强迫性神经官能症
0	症能官经神性迫强
1	腰大肌脓肿
0	肿脓肌大腰
1	神经衰弱综合征
0	征合综弱衰经神
1	肛门松弛
0	弛松门肛
1	气机不畅
0	畅不机气
1	头痛
0	痛头
1	脊椎僵直
0	直僵椎脊
1	皮疹
0	疹皮
1	鞘膜积水
0	水积膜鞘
1	面肌及颈肌紧张
0	张紧肌颈及肌面
1	闭孔神经损害
0	害损经神孔闭
1	瘀血性痛经
0	经痛性血瘀
1	漆裂样纹
0	纹样裂漆
1	婴儿出牙延迟
0	迟延牙出儿婴
1	下唇肿胀外翻
0	翻外胀肿唇下
1	红晕
0	晕红
1	血缺氧
0	氧缺血
1	氮负平衡
0	衡平负氮
1	曲棍球棒手
0	手棒球棍曲
1	皮质激素依赖
0	赖依素激质皮
1	股四头肌损伤
0	伤损肌头四股
1	皮损皮黄到橙色
0	色橙到黄皮损皮
1	指节垫
0	垫节指
1	腹腔感染
0	染感腔腹
1	男性型肥胖
0	胖肥型性男
1	绝经后出血
0	血出后经绝
1	肾盏结石
0	石结盏肾
1	息肉样损害
0	害损样肉息
1	胎儿宫内骨折
0	折骨内宫儿胎
1	脾胃不和
0	和不胃脾
1	骨骼肿块
0	块肿骼骨
1	肘部剧烈疼痛
0	痛疼烈剧部肘
1	耳轮发育不全
0	全不育发轮耳
1	毒品依赖
0	赖依品毒
1	皮肤冷而苍白粘腻
0	腻粘白苍而冷肤皮
1	排出结石
0	石结出排
1	会阴痒
0	痒阴会
1	不能眨眼
0	眼眨能不
1	乳汁淤积
0	积淤汁乳
1	尿失禁
0	禁失尿
1	软腭疼痛
0	痛疼腭软
1	单腿半蹲痛
0	痛蹲半腿单
1	交叉注视
0	视注叉交
1	抬举性搏动
0	动搏性举抬
1	异性蛋白反应
0	应反白蛋性异
1	术后疼痛
0	痛疼后术
1	上肢半屈状
0	状屈半肢上
1	XV-现象
0	象现-VX
1	耳后乳突水肿
0	肿水突乳后耳
1	心脏破裂
0	裂破脏心
1	尾骨压痛及异常活动
0	动活常异及痛压骨尾
1	胃肠道症状
0	状症道肠胃
1	坐立不安
0	安不立坐
1	异常子宫出血
0	血出宫子常异
1	中度吸入性损伤
0	伤损性入吸度中
1	腹股沟淋巴结肿大
0	大肿结巴淋沟股腹
1	门诊高血压
0	压血高诊门
1	子宫压痛
0	痛压宫子
1	放射性疼痛
0	痛疼性射放
1	肺部感染
0	染感部肺
1	鼻臭症
0	症臭鼻
1	冷汗淋漓
0	漓淋汗冷
1	粟粒样丘疹
0	疹丘样粒粟
1	21-羟化酶缺陷症
0	症陷缺酶化羟-12
1	肌肉疼痛
0	痛疼肉肌
1	手术创伤
0	伤创术手
1	耳屎多
0	多屎耳
1	眼裂细小
0	小细裂眼
1	女性小腹疼痛
0	痛疼腹小性女
1	阴茎和阴囊水肿
0	肿水囊阴和茎阴
1	肝转移
0	移转肝
1	红细胞体积增大
0	大增积体胞细红
1	精神障碍
0	碍障神精
1	巨口
0	口巨
1	木僵
0	僵木
1	骨髓巨核细胞成熟障碍
0	碍障熟成胞细核巨髓骨
1	大小便潴留
0	留潴便小大
1	腹膜刺激征
0	征激刺膜腹
1	百特异症状
0	状症异特百
1	鼻出血
0	血出鼻
1	灰白大便
0	便大白灰
1	酸烧伤
0	伤烧酸
1	耳前庭听觉失衡
0	衡失觉听庭前耳
1	粪便嵌塞
0	塞嵌便粪
1	大腿局部肿胀变形
0	形变胀肿部局腿大
1	光反射消失
0	失消射反光
1	腰大肌痉挛
0	挛痉肌大腰
1	声门水肿
0	肿水门声
1	肺淤血
0	血淤肺
1	鼻内痛
0	痛内鼻
1	鼻前庭部发痒
0	痒发部庭前鼻
1	颌下淋巴结肿大压痛
0	痛压大肿结巴淋下颌
1	牙釉质腐蚀
0	蚀腐质釉牙
1	猥亵行为
0	为行亵猥
1	生殖泌尿道危象
0	象危道尿泌殖生
1	双肾皮质变薄
0	薄变质皮肾双
1	高渗尿
0	尿渗高
1	停止排气
0	气排止停
1	鼻梁低
0	低梁鼻
1	类偏狂
0	狂偏类
1	身体的低垂部位水肿
0	肿水位部垂低的体身
1	皮肤瘀点
0	点瘀肤皮
1	膈膨升
0	升膨膈
1	唇厚舌大
0	大舌厚唇
1	脚趾甲内长
0	长内甲趾脚
1	细胞感染增大
0	大增染感胞细
1	肥胖性水肿
0	肿水性胖肥
1	色觉丧失
0	失丧觉色
1	神经肌肉症状
0	状症肉肌经神
1	阴道闭锁
0	锁闭道阴
1	月经不调
0	调不经月
1	小儿夜惊咬指
0	指咬惊夜儿小
1	软产道异常
0	常异道产软
1	去大脑强直
0	直强脑大去
1	梗噎
0	噎梗
1	持续性腰痛伴有晨僵
0	僵晨有伴痛腰性续持
1	肋间神经痛
0	痛经神间肋
1	脊神经根受损
0	损受根经神脊
1	鼻甲萎缩
0	缩萎甲鼻
1	粪便黑色并带有血液
0	液血有带并色黑便粪
1	胫骨结节处的酸痛
0	痛酸的处节结骨胫
1	头部撞伤
0	伤撞部头
1	定位神经体征
0	征体经神位定
1	指(趾)甲缺失
0	失缺甲)趾(指
1	胰腺内钙化
0	化钙内腺胰
1	扁脸
0	脸扁
1	眼部烧伤感
0	感伤烧部眼
1	耳朵位置低
0	低置位朵耳
1	不能持续睁眼
0	眼睁续持能不
1	牙的咀嚼磨损
0	损磨嚼咀的牙
1	反向搏动
0	动搏向反
1	功能性头痛
0	痛头性能功
1	角膜色膜环
0	环膜色膜角
1	交替使用双眼
0	眼双用使替交
1	粉红色泡沫样痰
0	痰样沫泡色红粉
1	抽搐
0	搐抽
1	外阴下坠感
0	感坠下阴外
1	溃疡分泌物恶臭
0	臭恶物泌分疡溃
1	手与手指胀满感
0	感满胀指手与手
1	阴囊潮湿有异味
0	味异有湿潮囊阴
1	眶静脉回流障碍
0	碍障流回脉静眶
1	脾阳虚
0	虚阳脾
1	痣细胞
0	胞细痣
1	炎性细胞浸润
0	润浸胞细性炎
1	持续性发热
0	热发性续持
1	肌肉撞伤
0	伤撞肉肌
1	化脓结痂
0	痂结脓化
1	颧面部塌陷
0	陷塌部面颧
1	指甲夹伤
0	伤夹甲指
1	微血管心绞痛
0	痛绞心管血微
1	青光眼斑
0	斑眼光青
1	手术时伤口不再出血
0	血出再不口伤时术手
1	红斑样皮疹
0	疹皮样斑红
1	颈部搏动
0	动搏部颈
1	垂直性忽略症
0	症略忽性直垂
1	非对称性紧张性颈反射
0	射反颈性张紧性称对非
1	目光呆滞
0	滞呆光目
1	常染色体畸变
0	变畸体色染常
1	萌牙延迟
0	迟延牙萌
1	瞳孔不对称
0	称对不孔瞳
1	剥夺性弱视
0	视弱性夺剥
1	颈背部肌肉痉挛
0	挛痉肉肌部背颈
1	指甲呈扇形
0	形扇呈甲指
1	感染性鼻炎
0	炎鼻性染感
1	扁平骨盆
0	盆骨平扁
1	小脑畸形
0	形畸脑小
1	粘液性水肿面容
0	容面肿水性液粘
1	皮肤花纹
0	纹花肤皮
1	呕血
0	血呕
1	精子不液化
0	化液不子精
1	眼睛痒
0	痒睛眼
1	头颅向上生长呈塔形
0	形塔呈长生上向颅头
1	口舌生疮
0	疮生舌口
1	牙龈出血
0	血出龈牙
1	声带肥厚
0	厚肥带声
1	大量皮肤脱屑
0	屑脱肤皮量大
1	心肌顿抑
0	抑顿肌心
1	颈肩疲劳和软组织疼痛
0	痛疼织组软和劳疲肩颈
1	韧带骨化
0	化骨带韧
1	打嗝
0	嗝打
1	感染诱发昏迷
0	迷昏发诱染感
1	促脉
0	脉促
1	脐疮
0	疮脐
1	巨输尿管症
0	症管尿输巨
1	视网膜水肿
0	肿水膜网视
1	牙齿缝隙大
0	大隙缝齿牙
1	嗳腐
0	腐嗳
1	痉挛性的肌张力增高
0	高增力张肌的性挛痉
1	癫痫的复杂部分性发作
0	作发性分部杂复的痫癫
1	腰部的不稳交锁现象
0	象现锁交稳不的部腰
1	甲状旁腺功能亢进
0	进亢能功腺旁状甲
1	皮肤边缘翘起
0	起翘缘边肤皮
1	中指半月甲呈粉红色
0	色红粉呈甲月半指中
1	化妆品的毛发损害
0	害损发毛的品妆化
1	慢性面容
0	容面性慢
1	毛细血管搏动
0	动搏管血细毛
1	肛门括约肌松弛
0	弛松肌约括门肛
1	严重性假肥大型营养不良症
0	症良不养营型大肥假性重严
1	豹纹状眼底
0	底眼状纹豹
1	耳流脓
0	脓流耳
1	早晨上下眼睑粘连
0	连粘睑眼下上晨早
1	癌性输尿管狭窄
0	窄狭管尿输性癌
1	肝-颈静脉回流征阳性
0	性阳征流回脉静颈-肝
1	脉沉缓或沉细
0	细沉或缓沉脉
1	血尿伴蛋白尿
0	尿白蛋伴尿血
1	交替性暴食厌食
0	食厌食暴性替交
1	胃气虚
0	虚气胃
1	疣状增殖
0	殖增状疣
1	低血压
0	压血低
1	韧带断裂
0	裂断带韧
1	回吸性涕血
0	血涕性吸回
1	双下肢突然性瘫痪
0	痪瘫性然突肢下双
1	喉结不明显
0	显明不结喉
1	血精
0	精血
1	阴囊肿胀
0	胀肿囊阴
1	视神经乳头苍白
0	白苍头乳经神视
1	心音微弱
0	弱微音心
1	惊跳
0	跳惊
1	肝气犯肺
0	肺犯气肝
1	胆碱能危象
0	象危能碱胆
1	泪腺脱垂
0	垂脱腺泪
1	低位小肠梗阻
0	阻梗肠小位低
1	肾前性肾功能不全
0	全不能功肾性前肾
1	髌骨疼痛
0	痛疼骨髌
1	右心功能不全
0	全不能功心右
1	气体弥散功能下降
0	降下能功散弥体气
1	绝经年龄过早
0	早过龄年经绝
1	少儿脊柱侧凸
0	凸侧柱脊儿少
1	额叶癫痫的眶额区发作
0	作发区额眶的痫癫叶额
1	下肢振动觉和位置觉受损
0	损受觉置位和觉动振肢下
1	重度精神发育迟滞
0	滞迟育发神精度重
1	中心暗点或弓形暗点
0	点暗形弓或点暗心中
1	凝视征
0	征视凝
1	牙龈痒胀
0	胀痒龈牙
1	尿液呈黑色
0	色黑呈液尿
1	输卵管粘连
0	连粘管卵输
1	绿色盲
0	盲色绿
1	传导阻滞
0	滞阻导传
1	眼球不能随意动
0	动意随能不球眼
1	声带萎缩
0	缩萎带声
1	肢体发凉
0	凉发体肢
1	瞳孔变白
0	白变孔瞳
1	肺内病变
0	变病内肺
1	斑秃
0	秃斑
1	阳盛体质
0	质体盛阳
1	手指痛风
0	风痛指手
1	结膜干燥斑
0	斑燥干膜结
1	新生儿全身水肿
0	肿水身全儿生新
1	结肠梗阻
0	阻梗肠结
1	汞毒性震颤
0	颤震性毒汞
1	劳动后气急
0	急气后动劳
1	黑头粉刺
0	刺粉头黑
1	鼻煽
0	煽鼻
1	全身衰竭
0	竭衰身全
1	易疲劳
0	劳疲易
1	皮肤肌肉增厚、纤维化
0	化维纤、厚增肉肌肤皮
1	血栓脱落
0	落脱栓血
1	大便呈褐色
0	色褐呈便大
1	小腹刺痛
0	痛刺腹小
1	睡觉后全身大汗淋漓
0	漓淋汗大身全后觉睡
1	顽固性口腔溃疡
0	疡溃腔口性固顽
1	三尖瓣下移
0	移下瓣尖三
1	拇指仅存软组织而无骨骼
0	骼骨无而织组软存仅指拇
1	脑功能不全
0	全不能功脑
1	尿暗黑色
0	色黑暗尿
1	颧骨额骨下陷
0	陷下骨额骨颧
1	贪食
0	食贪
1	虹膜根部离断
0	断离部根膜虹
1	脊髓内空洞形成
0	成形洞空内髓脊
1	丧偶后适应性障碍
0	碍障性应适后偶丧
1	胸廓畸形
0	形畸廓胸
1	盆腔内有较广泛浸润
0	润浸泛广较有内腔盆
1	诉讼狂
0	狂讼诉
1	深侧鼻塞
0	塞鼻侧深
1	焦虑致胸口痛
0	痛口胸致虑焦
1	目赤
0	赤目
1	过强反向性鼻炎
0	炎鼻性向反强过
1	指甲营养障碍
0	碍障养营甲指
1	腹围增大
0	大增围腹
1	阴道流出黄色或血性带臭味的分泌物
0	物泌分的味臭带性血或色黄出流道阴
1	皮肤萎缩和色素沉着
0	着沉素色和缩萎肤皮
1	食管扩张
0	张扩管食
1	完全性遗忘症
0	症忘遗性全完
1	啰音
0	音啰
1	下腹疼痛
0	痛疼腹下
1	内向性思维
0	维思性向内
1	月经周期改变
0	变改期周经月
1	颅内占位性病变
0	变病性位占内颅
1	睡后手指出现麻木或烧灼痛而致醒
0	醒致而痛灼烧或木麻现出指手后睡
1	心脏刺痛
0	痛刺脏心
1	血糖值升高
0	高升值糖血
1	眼睑部有明显的刺痒感和烧灼感
0	感灼烧和感痒刺的显明有部睑眼
1	呼气困难
0	难困气呼
1	尿失禁与遗尿
0	尿遗与禁失尿
1	脆性X综合征
0	征合综X性脆
1	反复不愈的感染
0	染感的愈不复反
1	胸腹部畸形
0	形畸部腹胸
1	炎性损害
0	害损性炎
1	自动症
0	症动自
1	强握反射
0	射反握强
1	凹陷瘢痕
0	痕瘢陷凹
1	鼻咽腔狭窄
0	窄狭腔咽鼻
1	口唇刺痛
0	痛刺唇口
1	多血质
0	质血多
1	女性型肥胖
0	胖肥型性女
1	慢性胃痛
0	痛胃性慢
1	体温调节紊乱
0	乱紊节调温体
1	尿道痒感
0	感痒道尿
1	脊髓压迫
0	迫压髓脊
1	幻觉
0	觉幻
1	轴性遗忘症
0	症忘遗性轴
1	更年期抑郁
0	郁抑期年更
1	青春危险期
0	期险危春青
1	前庭反射消失
0	失消射反庭前
1	皮肤绷紧肥厚失去弹性
0	性弹去失厚肥紧绷肤皮
1	皮肤发黑瘙痒
0	痒瘙黑发肤皮
1	骨髓象改变
0	变改象髓骨
1	痉笑面容
0	容面笑痉
1	脸颊发灰
0	灰发颊脸
1	食积口臭
0	臭口积食
1	暴胀的颞浅动脉
0	脉动浅颞的胀暴
1	肾盏变钝
0	钝变盏肾
1	眼痛
0	痛眼
1	儿茶酚胺分泌过量
0	量过泌分胺酚茶儿
1	肝臭
0	臭肝
1	隐性产后出血
0	血出后产性隐
1	小腿发胀
0	胀发腿小
1	胎儿水肿
0	肿水儿胎
1	掌骨和跖骨短
0	短骨跖和骨掌
1	产后出血
0	血出后产
1	无羞惭感
0	感惭羞无
1	午后减轻
0	轻减后午
1	毛发增生
0	生增发毛
1	宫缩乏力
0	力乏缩宫
1	咯血伴有皮肤粘膜出血
0	血出膜粘肤皮有伴血咯
1	角质增厚
0	厚增质角
1	乳腺胀痛
0	痛胀腺乳
1	皮肤干燥呈腊黄色
0	色黄腊呈燥干肤皮
1	胃镜下表现出广泛黏膜红斑
0	斑红膜黏泛广出现表下镜胃
1	新生儿发绀
0	绀发儿生新
1	心前区隐痛
0	痛隐区前心
1	生命体征改变
0	变改征体命生
1	婴儿睡觉摇头
0	头摇觉睡儿婴
1	思维缓慢
0	慢缓维思
1	局部静脉压痛
0	痛压脉静部局
1	手腕在大拇指侧的疼痛
0	痛疼的侧指拇大在腕手
1	肢骨纹状肥大
0	大肥状纹骨肢
1	星迹步态
0	态步迹星
1	耳、鼻、软骨变成蓝色
0	色蓝成变骨软、鼻、耳
1	血脑屏障通透性高
0	高性透通障屏脑血
1	过劳
0	劳过
1	胃肠道排空表现
0	现表空排道肠胃
1	眼皮跳
0	跳皮眼
1	有机磷中毒
0	毒中磷机有
1	膀胱排空不全
0	全不空排胱膀
1	肾脏破裂
0	裂破脏肾
1	外展型骨折
0	折骨型展外
1	慢性腰痛伴下肢麻痛
0	痛麻肢下伴痛腰性慢
1	肝病面容
0	容面病肝
1	心包转移
0	移转包心
1	胎势异常
0	常异势胎
1	胸椎疼痛
0	痛疼椎胸
1	不排胎便
0	便胎排不
1	肝细胞坏死
0	死坏胞细肝
1	颤抖
0	抖颤
1	慌张步态
0	态步张慌
1	排气障碍
0	碍障气排
1	眼睑畸形
0	形畸睑眼
1	增生性瘢痕
0	痕瘢性生增
1	紧箍咒一样头紧
0	紧头样一咒箍紧
1	脐周阵发性绞痛
0	痛绞性发阵周脐
1	瘙痒
0	痒瘙
1	过度换气综合征
0	征合综气换度过
1	超雄
0	雄超
1	肠粘膜有坏死溃疡
0	疡溃死坏有膜粘肠
1	良性假肥大型肌营养不良症
0	症良不养营肌型大肥假性良
1	咽部有异物感
0	感物异有部咽
1	肩周酸痛不适
0	适不痛酸周肩
1	幽门肿块
0	块肿门幽
1	痛觉与温度觉减退而压觉存在
0	在存觉压而退减觉度温与觉痛
1	精液发黄
0	黄发液精
1	第三心音奔马律
0	律马奔音心三第
1	肠囊性积气
0	气积性囊肠
1	意识丧失
0	失丧识意
1	噩梦
0	梦噩
1	婴幼儿抽风
0	风抽儿幼婴
1	大动脉错位
0	位错脉动大
1	双侧肾上腺皮质增生
0	生增质皮腺上肾侧双
1	发炎
0	炎发
1	胸口紧绷
0	绷紧口胸
1	皮肤松弛起皱
0	皱起弛松肤皮
1	干性脂溢
0	溢脂性干
1	肠麻痹
0	痹麻肠
1	左下腹痛
0	痛腹下左
1	主动脉弓中断
0	断中弓脉动主
1	下背部酸痛
0	痛酸部背下
1	正常免疫球蛋白减少
0	少减白蛋球疫免常正
1	内斜A征
0	征A斜内
1	血管萎缩性白斑
0	斑白性缩萎管血
1	肌痛
0	痛肌
1	面颊明显内陷
0	陷内显明颊面
1	重度贫血
0	血贫度重
1	晕动症
0	症动晕
1	急性房颤
0	颤房性急
1	鳞状细胞化生
0	生化胞细状鳞
1	尿酸代谢亢进
0	进亢谢代酸尿
1	风盛血燥
0	燥血盛风
1	头摇
0	摇头
1	谵妄
0	妄谵
1	运动时膝前疼痛加剧
0	剧加痛疼前膝时动运
1	情绪性面痛
0	痛面性绪情
1	多饮
0	饮多
1	晨起时颈背部弥漫性剧痛
0	痛剧性漫弥部背颈时起晨
1	新生儿吮乳无力及减少
0	少减及力无乳吮儿生新
1	腘动脉搏动减弱或消失
0	失消或弱减动搏脉动腘
1	巩膜充血
0	血充膜巩
1	面下部头痛
0	痛头部下面
1	腹泻与便秘交替
0	替交秘便与泻腹
1	髂骨角增大
0	大增角骨髂
1	眼外转移
0	移转外眼
1	皮肤肥厚
0	厚肥肤皮
1	旋转性眩晕
0	晕眩性转旋
1	面肌无力
0	力无肌面
1	肛旁脓肿
0	肿脓旁肛
1	黏液性水肿
0	肿水性液黏
1	搏动性头痛
0	痛头性动搏
1	恶露不净
0	净不露恶
1	抽风
0	风抽
1	气管隆突以上的损伤
0	伤损的上以突隆管气
1	胃窦动力低下
0	下低力动窦胃
1	甲营养不良
0	良不养营甲
1	风寒湿痹
0	痹湿寒风
1	男性化
0	化性男
1	烂眼边
0	边眼烂
1	青年白内障
0	障内白年青
1	腋区疼痛
0	痛疼区腋
1	代偿性腰椎前凸
0	凸前椎腰性偿代
1	组织液渗出
0	出渗液织组
1	忘性大
0	大性忘
1	膝盖长骨刺
0	刺骨长盖膝
1	泌尿道阻塞
0	塞阻道尿泌
1	眼白发黄
0	黄发白眼
1	凹甲
0	甲凹
1	心脏失代偿
0	偿代失脏心
1	异位性心动过速
0	速过动心性位异
1	神经失用
0	用失经神
1	阴道后穹窿触痛
0	痛触窿穹后道阴
1	先天性腹壁发育不全
0	全不育发壁腹性天先
1	奔马律心音
0	音心律马奔
1	深感觉障碍
0	碍障觉感深
1	小儿声带损伤
0	伤损带声儿小
1	肛门剧痛
0	痛剧门肛
1	痔核
0	核痔
1	一过性红斑狼疮样
0	样疮狼斑红性过一
1	髌后捻发音
0	音发捻后髌
1	术后发热
0	热发后术
1	子宫硬如板状
0	状板如硬宫子
1	呼气时两颊鼓起和缩唇
0	唇缩和起鼓颊两时气呼
1	宫颈前唇水肿
0	肿水唇前颈宫
1	先天性少白头
0	头白少性天先
1	眉毛变白
0	白变毛眉
1	增殖腺肥大
0	大肥腺殖增
1	双肾弥漫性病变
0	变病性漫弥肾双
1	摸空症
0	症空摸
1	排便障碍
0	碍障便排
1	会阴瘘管或窦道形成
0	成形道窦或管瘘阴会
1	颈后及肩部皮肤发硬
0	硬发肤皮部肩及后颈
1	咳嗽反射
0	射反嗽咳
1	过早衰老
0	老衰早过
1	淋巴管破裂
0	裂破管巴淋
1	输尿管痉挛
0	挛痉管尿输
1	易饿
0	饿易
1	肌肉硬结
0	结硬肉肌
1	会阴部撕裂感
0	感裂撕部阴会
1	小支气管痉挛
0	挛痉管气支小
1	牙齿异常
0	常异齿牙
1	湿啰音
0	音啰湿
1	尿道内口呈漏斗样改变
0	变改样斗漏呈口内道尿
1	舌苔发黑
0	黑发苔舌
1	酪氨酸血症
0	症血酸氨酪
1	臭汗
0	汗臭
1	异常矮小
0	小矮常异
1	剧烈运动后呕吐
0	吐呕后动运烈剧
1	胸部沉重感
0	感重沉部胸
1	青春期后无精液
0	液精无后期春青
1	哮鸣音
0	音鸣哮
1	皮下结节
0	节结下皮
1	童样痴呆
0	呆痴样童
1	睾丸发育不全
0	全不育发丸睾
1	皮面上针头大小瘙痒点
0	点痒瘙小大头针上面皮
1	脚上血泡
0	泡血上脚
1	肛管反射消失
0	失消射反管肛
1	经期推迟
0	迟推期经
1	器质性精神障碍
0	碍障神精性质器
1	血清降钙素水平增高
0	高增平水素钙降清血
1	电击样痛或刺痛的头痛
0	痛头的痛刺或痛样击电
1	肌肉完全断裂
0	裂断全完肉肌
1	手腕长骨刺
0	刺骨长腕手
1	单次发作抑郁症
0	症郁抑作发次单
1	面、颈部味觉性多汗
0	汗多性觉味部颈、面
1	角膜树枝状改变
0	变改状枝树膜角
1	肺癌胸水
0	水胸癌肺
1	尿道结节
0	节结道尿
1	肛门外括约肌断裂
0	裂断肌约括外门肛
1	颌骨囊肿
0	肿囊骨颌
1	一过性昏厥
0	厥昏性过一
1	甲亢危象
0	象危亢甲
1	眼裂歪斜
0	斜歪裂眼
1	黏液便
0	便液黏
1	少尿
0	尿少
1	磷烧伤合并中毒
0	毒中并合伤烧磷
1	半年或1岁以后逐步出现智能减退
0	退减能智现出步逐后以岁1或年半
1	尿中雌激素增高
0	高增素激雌中尿
1	膀胱阴道瘘
0	瘘道阴胱膀
1	思维破裂
0	裂破维思
1	阴道排液呈黑水样
0	样水黑呈液排道阴
1	脊柱破坏
0	坏破柱脊
1	血吸虫导致的肝硬化
0	化硬肝的致导虫吸血
1	横结肠移位
0	位移肠结横
1	双眼Bell现象不对称
0	称对不象现lleB眼双
1	病毒性腹泻
0	泻腹性毒病
1	鼻毛脱落
0	落脱毛鼻
1	思考困难感
0	感难困考思
1	下腹剧痛并渐向腹中线扩散
0	散扩线中腹向渐并痛剧腹下
1	粪便中排出的粪胆原增加
0	加增原胆粪的出排中便粪
1	产妇颈背酸痛
0	痛酸背颈妇产
1	斜视性弱视
0	视弱性视斜
1	夏季厌食症
0	症食厌季夏
1	晨僵
0	僵晨
1	射精疼
0	疼精射
1	蜘蛛指
0	指蛛蜘
1	指甲嵌入肉
0	肉入嵌甲指
1	外周血管减少
0	少减管血周外
1	阴囊下坠
0	坠下囊阴
1	严重急性呼吸道症
0	症道吸呼性急重严
1	脑缺氧
0	氧缺脑
1	白甲
0	甲白
1	上肢呈迟缓性麻痹
0	痹麻性缓迟呈肢上
1	喉结增大
0	大增结喉
1	叶间裂常呈弧形下坠
0	坠下形弧呈常裂间叶
1	头昏想睡觉
0	觉睡想昏头
1	婴儿褐色或暗绿色的粘液便
0	便液粘的色绿暗或色褐儿婴
1	下丘脑损害
0	害损脑丘下
1	颜面充血呈樱桃红色
0	色红桃樱呈血充面颜
1	运动不足综合征
0	征合综足不动运
1	发热伴淋巴结肿大、并伴触痛
0	痛触伴并、大肿结巴淋伴热发
1	肾区叩击痛
0	痛击叩区肾
1	喜怒无常
0	常无怒喜
1	拥抱反射减弱或消失
0	失消或弱减射反抱拥
1	肺过度充气
0	气充度过肺
1	肛门短时间阵发性钝痛
0	痛钝性发阵间时短门肛
1	阴蒂肥大
0	大肥蒂阴
1	头皮坏死
0	死坏皮头
1	营养不良性水肿
0	肿水性良不养营
1	外阴肿胀
0	胀肿阴外
1	假性近视
0	视近性假
1	精神过敏
0	敏过神精
1	一过性意识蒙眬
0	眬蒙识意性过一
1	肾病性浮肿面容
0	容面肿浮性病肾
1	眼嘴的细小皱纹
0	纹皱小细的嘴眼
1	皮肤变薄、发亮
0	亮发、薄变肤皮
1	血管迷走性晕厥
0	厥晕性走迷管血
1	经期头痛
0	痛头期经
1	阿司匹林过敏
0	敏过林匹司阿
1	甲状腺扪及光滑坚实的椭圆形结节
0	节结形圆椭的实坚滑光及扪腺状甲
1	胸闷憋气
0	气憋闷胸
1	静脉栓塞
0	塞栓脉静
1	蚁走感
0	感走蚁
1	吞咽困难
0	难困咽吞
1	高度膨胀的毛细血管襻
0	襻管血细毛的胀膨度高
1	手表皮深处的水疱
0	疱水的处深皮表手
1	新生儿气促
0	促气儿生新
1	阵发性鼻塞
0	塞鼻性发阵
1	右室肥厚
0	厚肥室右
1	弛张热
0	热张弛
1	血睾酮降低
0	低降酮睾血
1	鼻端出火
0	火出端鼻
1	大小便失禁
0	禁失便小大
1	进食后出现弥漫性腹部绞痛
0	痛绞部腹性漫弥现出后食进
1	活动后气促
0	促气后动活
1	血清钠增高
0	高增钠清血
1	头皮触痛
0	痛触皮头
1	肛门有黑色肿块脱出
0	出脱块肿色黑有门肛
1	腿痛
0	痛腿
1	冻疮
0	疮冻
1	浮脉
0	脉浮
1	心包内出血
0	血出内包心
1	失音
0	音失
1	门脉高压
0	压高脉门
1	心肺栓塞
0	塞栓肺心
1	体位性眩晕
0	晕眩性位体
1	鼻子黄色或棕色
0	色棕或色黄子鼻
1	耳硬化症
0	症化硬耳
1	腹部不适
0	适不部腹
1	背痛
0	痛背
1	骨质疏松
0	松疏质骨
1	大肠黑变
0	变黑肠大
1	咳铁锈色痰
0	痰色锈铁咳
1	胆红素升高
0	高升素红胆
1	泪腺肿大
0	大肿腺泪
1	学习障碍
0	碍障习学
1	臀产式
0	式产臀
1	运动功能障碍
0	碍障能功动运
1	心肌冬眠现象
0	象现眠冬肌心
1	癫痫的单纯部分性发作
0	作发性分部纯单的痫癫
1	耳廓癣
0	癣廓耳
1	额横纹增深
0	深增纹横额
1	宫底及耻骨联合上方空虚
0	虚空方上合联骨耻及底宫
1	失血过多
0	多过血失
1	直肠肛门内胀痛不适
0	适不痛胀内门肛肠直
1	快感缺乏
0	乏缺感快
1	心率过缓
0	缓过率心
1	仰颈时吞咽困难
0	难困咽吞时颈仰
1	眼屎多
0	多屎眼
1	肺气压伤
0	伤压气肺
1	多发性结节
0	节结性发多
1	对光反射迟钝
0	钝迟射反光对
1	口唇渗液
0	液渗唇口
1	肝脾肿大
0	大肿脾肝
1	鼻屎多
0	多屎鼻
1	夹层血肿
0	肿血层夹
1	小脑体征
0	征体脑小
1	皮下脂肪粒
0	粒肪脂下皮
1	伸舌样痴呆
0	呆痴样舌伸
1	叶状脱色斑
0	斑色脱状叶
1	老人便秘
0	秘便人老
1	耳后淋巴结肿大
0	大肿结巴淋后耳
1	失眠
0	眠失
1	维生素B1缺乏
0	乏缺1B素生维
1	脐窝湿润有臭味
0	味臭有润湿窝脐
1	腹肌严重发育不良
0	良不育发重严肌腹
1	关节畸形
0	形畸节关
1	盗汗
0	汗盗
1	入睡障碍性失眠
0	眠失性碍障睡入
1	消瘦严重者呈”皮包骨头”样
0	样”头骨包皮”呈者重严瘦消
1	器质性早泄
0	泄早性质器
1	晕机
0	机晕
1	手麻
0	麻手
1	剧痒
0	痒剧
1	唇红干燥
0	燥干红唇
1	脸冻伤
0	伤冻脸
1	肺弃血
0	血弃肺
1	凝肩
0	肩凝
1	尖头并指
0	指并头尖
1	创伤
0	伤创
1	乳头样增生变化
0	化变生增样头乳
1	胸大肌痛
0	痛肌大胸
1	肥胖纹
0	纹胖肥
1	马尾损伤
0	伤损尾马
1	晶状体囊壁破裂
0	裂破壁囊体状晶
1	白痱
0	痱白
1	眼色素膜炎
0	炎膜素色眼
1	绝经期面红
0	红面期经绝
1	胸腹呈矛盾运动
0	动运盾矛呈腹胸
1	看不到脚尖步行困难
0	难困行步尖脚到不看
1	失语
0	语失
1	婴儿喂养困难
0	难困养喂儿婴
1	口吃
0	吃口
1	中指指甲凹陷
0	陷凹甲指指中
1	复杂性尿路感染
0	染感路尿性杂复
1	牢脉
0	脉牢
1	神经质性格
0	格性质经神
1	蛋白尿
0	尿白蛋
1	神经性胃痛
0	痛胃性经神
1	横纹肌溶解
0	解溶肌纹横
1	脐残端有少量黏液或脓性分泌物
0	物泌分性脓或液黏量少有端残脐
1	尿钠排出量极低
0	低极量出排钠尿
1	腕关节扭挫伤
0	伤挫扭节关腕
1	非血性腹水
0	水腹性血非
1	浅棕色斑点
0	点斑色棕浅
1	囊样斑块
0	块斑样囊
1	脊柱病变性骨盆畸形
0	形畸盆骨性变病柱脊
1	红色或紫色
0	色紫或色红
1	感染性赘生物
0	物生赘性染感
1	咽部溃疡
0	疡溃部咽
1	老年人小腿浮肿
0	肿浮腿小人年老
1	血管增生
0	生增管血
1	意识改变状态
0	态状变改识意
1	肩胛带肌肉萎缩
0	缩萎肉肌带胛肩
1	结膜充血
0	血充膜结
1	弥漫性鼓音
0	音鼓性漫弥
1	头晕
0	晕头
1	精子异常
0	常异子精
1	肝缩小
0	小缩肝
1	腓肠肌痉挛
0	挛痉肌肠腓
1	弥漫性出血
0	血出性漫弥
1	液体平衡失调
0	调失衡平体液
1	单项ALT升高
0	高升TLA项单
1	产后无乳汁分泌
0	泌分汁乳无后产
1	咬指甲
0	甲指咬
1	婴儿睡觉惊跳
0	跳惊觉睡儿婴
1	吸气时有蝉鸣音
0	音鸣蝉有时气吸
1	头皮下血肿
0	肿血下皮头
1	极重度精神发育迟滞
0	滞迟育发神精度重极
1	四肢抽搐
0	搐抽肢四
1	近视弧
0	弧视近
1	腹痛伴腹泻
0	泻腹伴痛腹
1	久病亏损
0	损亏病久
1	集合管或乳头弥散性真菌浸润
0	润浸菌真性散弥头乳或管合集
1	皮肤出血斑
0	斑血出肤皮
1	足穿孔
0	孔穿足
1	语言发育迟缓
0	缓迟育发言语
1	心悸伴消瘦、腹泻
0	泻腹、瘦消伴悸心
1	睫状充血
0	血充状睫
1	肋间隙可有压痛
0	痛压有可隙间肋
1	阴道持续少量流血
0	血流量少续持道阴
1	肝肿大
0	大肿肝
1	面部多毛
0	毛多部面
1	血管硬化
0	化硬管血
1	不协调性兴奋
0	奋兴性调协不
1	步态不稳
0	稳不态步
1	肾无功能
0	能功无肾
1	羊膜腔感染
0	染感腔膜羊
1	晕车
0	车晕
1	前臂外伤后疼痛
0	痛疼后伤外臂前
1	思维贫乏
0	乏贫维思
1	全身毛发呈灰白色
0	色白灰呈发毛身全
1	怕仰伸
0	伸仰怕
1	骨膜反应
0	应反膜骨
1	抗-HCVAg阳性
0	性阳gAVCH-抗
1	血液呈现浓缩
0	缩浓现呈液血
1	痉挛性截瘫步态
0	态步瘫截性挛痉
1	眼睑松弛
0	弛松睑眼
1	喉弥漫性黏膜肥厚
0	厚肥膜黏性漫弥喉
1	下肢放射痛
0	痛射放肢下
1	额部肿块
0	块肿部额
1	咽鼓管堵塞
0	塞堵管鼓咽
1	腹胀
0	胀腹
1	肌体张力异常
0	常异力张体肌
1	抗感染能力下降
0	降下力能染感抗
1	肝淀粉样变性
0	性变样粉淀肝
1	纤维渗出物
0	物出渗维纤
1	突发的右侧心衰
0	衰心侧右的发突
1	黑色鼻涕
0	涕鼻色黑
1	假笑
0	笑假
1	两侧颊部及颞部凹入
0	入凹部颞及部颊侧两
1	阴道脓性分泌物
0	物泌分性脓道阴
1	口唇苍白
0	白苍唇口
1	气血虚弱
0	弱虚血气
1	食欲不振
0	振不欲食
1	主动脉真性动脉瘤
0	瘤脉动性真脉动主
1	酒悖
0	悖酒
1	蚊虫刺咬炎症
0	症炎咬刺虫蚊
1	肢体肿胀
0	胀肿体肢
1	手部震颤
0	颤震部手
1	外貌苍老
0	老苍貌外
1	大脑发育障碍
0	碍障育发脑大
1	耻骨联合分离
0	离分合联骨耻
1	胃内压增加
0	加增压内胃
1	虹膜新生血管与纤维血管膜
0	膜管血维纤与管血生新膜虹
1	手冻伤
0	伤冻手
1	脐带过短或相对过短
0	短过对相或短过带脐
1	发烧
0	烧发
1	静止性震颤
0	颤震性止静
1	儿童行动迟缓
0	缓迟动行童儿
1	皮温降低
0	低降温皮
1	耳郭突出
0	出突郭耳
1	丹毒样外观
0	观外样毒丹
1	青春期功血
0	血功期春青
1	指甲有红色或黑色斑点
0	点斑色黑或色红有甲指
1	气喘
0	喘气
1	手的歪扭畸形
0	形畸扭歪的手
1	伴有生动鲜明的恐怖性幻视
0	视幻性怖恐的明鲜动生有伴
1	阑尾壁缺血坏死
0	死坏血缺壁尾阑
1	生殖器外伤
0	伤外器殖生
1	血压偏低
0	低偏压血
1	皮肤黏蛋白沉积
0	积沉白蛋黏肤皮
1	脉率增快
0	快增率脉
1	腹肌强直
0	直强肌腹
1	肋间隙变窄
0	窄变隙间肋
1	急性下肢缺血
0	血缺肢下性急
1	咀嚼肌痉挛
0	挛痉肌嚼咀
1	间歇性耳痛
0	痛耳性歇间
1	十二指肠狭窄
0	窄狭肠指二十
1	脑白质稀疏
0	疏稀质白脑
1	腿脚抽筋
0	筋抽脚腿
1	纤维性钙化结节
0	节结化钙性维纤
1	胎盘血液灌注不良
0	良不注灌液血盘胎
1	与脉搏相一致的眼球跳动
0	动跳球眼的致一相搏脉与
1	心电图异常
0	常异图电心
1	腿外侧质软半球形包块
0	块包形球半软质侧外腿
1	精子存活率低
0	低率活存子精
1	皮肤青紫色改变
0	变改色紫青肤皮
1	孕中期腹痛
0	痛腹期中孕
1	肺动脉狭窄
0	窄狭脉动肺
1	硬斑
0	斑硬
1	髂窝部疼痛
0	痛疼部窝髂
1	角回受损
0	损受回角
1	视神经的原发性萎缩
0	缩萎性发原的经神视
1	精虚血弱
0	弱血虚精
1	缺智齿
0	齿智缺
1	麻疹面容
0	容面疹麻
1	乳头皲裂
0	裂皲头乳
1	心脏停搏
0	搏停脏心
1	胃慢性出血
0	血出性慢胃
1	心力贮备减少
0	少减备贮力心
1	胰酶分泌或排出量降低
0	低降量出排或泌分酶胰
1	先兆子痫
0	痫子兆先
1	继发性肥胖
0	胖肥性发继
1	咽部肌肉运动障碍
0	碍障动运肉肌部咽
1	高氨血症
0	症血氨高
1	顽固性头痛
0	痛头性固顽
1	多形红斑样皮疹
0	疹皮样斑红形多
1	小腿外侧及足背感觉丧失
0	失丧觉感背足及侧外腿小
1	眼皮下垂
0	垂下皮眼
1	青春期甲亢
0	亢甲期春青
1	骨及软组织肥大
0	大肥织组软及骨
1	舌炎
0	炎舌
1	食管出血
0	血出管食
1	食管反流症状
0	状症流反管食
1	频吐白沫
0	沫白吐频
1	皮肤钙化
0	化钙肤皮
1	静脉曲张性外痔
0	痔外性张曲脉静
1	交感神经高度紧张
0	张紧度高经神感交
1	行为动作幼稚愚蠢
0	蠢愚稚幼作动为行
1	眼睑震颤
0	颤震睑眼
1	燥狂相
0	相狂燥
1	气滞血瘀
0	瘀血滞气
1	皮肤弹性差
0	差性弹肤皮
1	毛孔角化过度
0	度过化角孔毛
1	蜕膜反应
0	应反膜蜕
1	股前内侧及小腿内侧感觉丧失
0	失丧觉感侧内腿小及侧内前股
1	产褥期躁狂状态
0	态状狂躁期褥产
1	小腿肿胀疼痛
0	痛疼胀肿腿小
1	风团
0	团风
1	出汗异常
0	常异汗出
1	呼吸音低
0	低音吸呼
1	股神经损害
0	害损经神股
1	升主动脉根部环状缩窄
0	窄缩状环部根脉动主升
1	假菊形团结构
0	构结团形菊假
1	肝气犯胃
0	胃犯气肝
1	内斜V征
0	征V斜内
1	新生儿皮肤薄
0	薄肤皮儿生新
1	两眼下视不能
0	能不视下眼两
1	先天性心脏传导
0	导传脏心性天先
1	前列腺硬结
0	结硬腺列前
1	唇圆或椭圆形红斑
0	斑红形圆椭或圆唇
1	贲门弛缓
0	缓弛门贲
1	宫颈糜烂
0	烂糜颈宫
1	间歇性头痛
0	痛头性歇间
1	足跟淤血
0	血淤跟足
1	颞部疼痛
0	痛疼部颞
1	膀胱膨隆
0	隆膨胱膀
1	咽部粘膜弥漫充血
0	血充漫弥膜粘部咽
1	胸骨后烧灼样痛
0	痛样灼烧后骨胸
1	性窒息
0	息窒性
1	营养性皮肤改变
0	变改肤皮性养营
1	肾缺血
0	血缺肾
1	脑脊液蛋白量增高
0	高增量白蛋液脊脑
1	食管气管瘘
0	瘘管气管食
1	齿轮样强直
0	直强样轮齿
1	鳞屑
0	屑鳞
1	考试综合症
0	症合综试考
1	位置觉、震动觉减退
0	退减觉动震、觉置位
1	现实解体
0	体解实现
1	血运障碍
0	碍障运血
1	冷结节
0	节结冷
1	向心性肥胖
0	胖肥性心向
1	椎间盘脱出
0	出脱盘间椎
1	眼球突出
0	出突球眼
1	皮肤紫纹
0	纹紫肤皮
1	白细胞增多
0	多增胞细白
1	XA-现象
0	象现-AX
1	婴儿含吮时乳头刀割样疼痛并渗血
0	血渗并痛疼样割刀头乳时吮含儿婴
1	瘫痪
0	痪瘫
1	沟裂增宽
0	宽增裂沟
1	间歇性头晕
0	晕头性歇间
1	广泛性骨质疏松
0	松疏质骨性泛广
1	阿罗瞳孔
0	孔瞳罗阿
1	阴道流血过多
0	多过血流道阴
1	电生理异常
0	常异理生电
1	牙痛
0	痛牙
1	情绪起伏大
0	大伏起绪情
1	牙齿数目不足
0	足不目数齿牙
1	写字或拿小物品困难
0	难困品物小拿或字写
1	腿脚浮肿
0	肿浮脚腿
1	手指或手臂部刺痛及麻木感
0	感木麻及痛刺部臂手或指手
1	四肢肌张力增强
0	强增力张肌肢四
1	口苦
0	苦口
1	粪便中发现白色节片
0	片节色白现发中便粪
1	湿性坏疽
0	疽坏性湿
1	睡眠麻痹
0	痹麻眠睡
1	胆红素钙结石
0	石结钙素红胆
1	眼压突然迅速升高
0	高升速迅然突压眼
1	枕部和颈后疼痛
0	痛疼后颈和部枕
1	肾小球旁器增生
0	生增器旁球小肾
1	肾阳虚
0	虚阳肾
1	婴幼儿外阴疼痛
0	痛疼阴外儿幼婴
1	肢端凉
0	凉端肢
1	神经元移行异常
0	常异行移元经神
1	间歇性跛行
0	行跛性歇间
1	侵蚀性水疱
0	疱水性蚀侵
1	肢端硬化
0	化硬端肢
1	X-现象
0	象现-X
1	盆腔坠痛
0	痛坠腔盆
1	腕部疼痛
0	痛疼部腕
1	耳内发胀
0	胀发内耳
1	阴道出血
0	血出道阴
1	眼睑痉挛
0	挛痉睑眼
1	尿锰粪锰
0	锰粪锰尿
1	周期性发作的巩膜充血
0	血充膜巩的作发性期周
1	脑灰质异常
0	常异质灰脑
1	冬春季的慢性咳嗽咳痰和喘息
0	息喘和痰咳嗽咳性慢的季春冬
1	唇角脱屑
0	屑脱角唇
1	儿童头痛
0	痛头童儿
1	囊肿性痤疮
0	疮痤性肿囊
1	肾间质水肿
0	肿水质间肾
1	饥饿时上腹痛
0	痛腹上时饿饥
1	产后血晕
0	晕血后产
1	反胃
0	胃反
1	歪鼻
0	鼻歪
1	儿童性别偏差
0	差偏别性童儿
1	绿牙或棕褐色牙
0	牙色褐棕或牙绿
1	反复发作性头痛
0	痛头性作发复反
1	维生素B12吸收不良
0	良不收吸21B素生维
1	迫害妄想
0	想妄害迫
1	颅神经麻痹
0	痹麻经神颅
1	右下腹可触及柔软腊肠样肿块
0	块肿样肠腊软柔及触可腹下右
1	肾区钝痛
0	痛钝区肾
1	恋兽型性变态
0	态变性型兽恋
1	儿童精神运动发育异常
0	常异育发动运神精童儿
1	双下肢可凹陷性水肿
0	肿水性陷凹可肢下双
1	呼气时胸口痛
0	痛口胸时气呼
1	联合瓣膜脱垂
0	垂脱膜瓣合联
1	下腹胀痛
0	痛胀腹下
1	血沉增速
0	速增沉血
1	不典型胸痛
0	痛胸型典不
1	输卵管肿大
0	大肿管卵输
1	皮肤色素沉着呈青铜色
0	色铜青呈着沉素色肤皮
1	金属音调咳嗽
0	嗽咳调音属金
1	钝痛
0	痛钝
1	前额针刺样痛或烧灼感
0	感灼烧或痛样刺针额前
1	特别容易饿
0	饿易容别特
1	孕妇腹部硬块
0	块硬部腹妇孕
1	听阈上升
0	升上阈听
1	竹节脊柱
0	柱脊节竹
1	运动耐力降低
0	低降力耐动运
1	弱脉
0	脉弱
1	唇干舌燥
0	燥舌干唇
1	恐水症
0	症水恐
1	肝大而硬
0	硬而大肝
1	胸痛伴冷汗
0	汗冷伴痛胸
1	指甲有黄色细点
0	点细色黄有甲指
1	连续机器样杂音
0	音杂样器机续连
1	支气管脓性分泌物增多
0	多增物泌分性脓管气支
1	维生素D缺乏
0	乏缺D素生维
1	语言障碍
0	碍障言语
1	持续发烧
0	烧发续持
1	继发感染
0	染感发继
1	心窝部隐痛
0	痛隐部窝心
1	心尖搏动弥散
0	散弥动搏尖心
1	极速型心率
0	率心型速极
1	眼结膜黑变
0	变黑膜结眼
1	脸上长斑
0	斑长上脸
1	肌性肌无力
0	力无肌性肌
1	后形成黑色干痂
0	痂干色黑成形后
1	鼻粘膜干燥发痒
0	痒发燥干膜粘鼻
1	毛发干燥易断
0	断易燥干发毛
1	听觉疲劳
0	劳疲觉听
1	室上性心律失常
0	常失律心性上室
1	纤毛上皮细胞损伤脱落
0	落脱伤损胞细皮上毛纤
1	慢性腹痛
0	痛腹性慢
1	输乳管阻塞
0	塞阻管乳输
1	恶寒
0	寒恶
1	肛裂溃疡
0	疡溃裂肛
1	三峰热型
0	型热峰三
1	水疱或大疱损害
0	害损疱大或疱水
1	异常粗大的舞蹈样动作
0	作动样蹈舞的大粗常异
1	肝郁气滞
0	滞气郁肝
1	腱反射异常
0	常异射反腱
1	胸骨后疼痛
0	痛疼后骨胸
1	蛛网膜粘连
0	连粘膜网蛛
1	心血管造影见双球征
0	征球双见影造管血心
1	肛门疼痛
0	痛疼门肛
1	日晒斑
0	斑晒日
1	吞咽干食物时胸骨后有阻塞感或钝痛
0	痛钝或感塞阻有后骨胸时物食干咽吞
1	肝浊音界缩小或消失
0	失消或小缩界音浊肝
1	胸痛伴呼吸困难
0	难困吸呼伴痛胸
1	气管纵隔和心脏向健侧移位
0	位移侧健向脏心和隔纵管气
1	心跳很乱
0	乱很跳心
1	皮肤含铁血黄素沉着
0	着沉素黄血铁含肤皮
1	小梁网色素沉着
0	着沉素色网梁小
1	肩胛带"模拟瘫痪"
0	"痪瘫拟模"带胛肩
1	弥漫性头痛
0	痛头性漫弥
1	眼睑外翻
0	翻外睑眼
1	无法说话
0	话说法无
1	脊柱弯曲
0	曲弯柱脊
1	联想障碍
0	碍障想联
1	潜在中毒
0	毒中在潜
1	肾小球硬化
0	化硬球小肾
1	消化道激惹
0	惹激道化消
1	细菌感染
0	染感菌细
1	肾气虚
0	虚气肾
1	骶骨裂
0	裂骨骶
1	难治性溃疡
0	疡溃性治难
1	脑实质深部出血
0	血出部深质实脑
1	排尿困难及尿潴留
0	留潴尿及难困尿排
1	难免流产或不可避免流产
0	产流免避可不或产流免难
1	肺火
0	火肺
1	上腹部包块
0	块包部腹上
1	颈椎肥大
0	大肥椎颈
1	喉头水肿
0	肿水头喉
1	肠淤滞
0	滞淤肠
1	下腹坠痛
0	痛坠腹下
1	肠鸣音消失
0	失消音鸣肠
1	局限性肾坏死
0	死坏肾性限局
1	角形甲弧影
0	影弧甲形角
1	紫绀
0	绀紫
1	颈部强硬
0	硬强部颈
1	晕厥
0	厥晕
1	眼胀
0	胀眼
1	臀部酸痛
0	痛酸部臀
1	迁徙性浅静脉血栓形成
0	成形栓血脉静浅性徙迁
1	创伤性宫腔粘连
0	连粘腔宫性伤创
1	肌力
0	力肌
1	类戒断反应
0	应反断戒类
1	胃酸缺乏
0	乏缺酸胃
1	神经根损伤
0	伤损根经神
1	鼻黏膜可呈颗粒状易碎的结痂
0	痂结的碎易状粒颗呈可膜黏鼻
1	色素沉着与色素减退
0	退减素色与着沉素色
1	牙根外露
0	露外根牙
1	心脏骤停
0	停骤脏心
1	晶状体混浊
0	浊混体状晶
1	口痛
0	痛口
1	高渗性昏迷
0	迷昏性渗高
1	小管间质性肾炎
0	炎肾性质间管小
1	神经症性抑郁
0	郁抑性症经神
1	恶食酸物
0	物酸食恶
1	咬嘴唇或舌
0	舌或唇嘴咬
1	毒物致肝损害
0	害损肝致物毒
1	胃糜烂
0	烂糜胃
1	攻击行为
0	为行击攻
1	淀粉样蛋白沉积
0	积沉白蛋样粉淀
1	囊性肿块
0	块肿性囊
1	缺氧缺血性神经损伤
0	伤损经神性血缺氧缺
1	眼底改变
0	变改底眼
1	鼻窦压痛
0	痛压窦鼻
1	腰膝酸软
0	软酸膝腰
1	柠檬色痰
0	痰色檬柠
1	肺部化脓性感染
0	染感性脓化部肺
1	耳堵
0	堵耳
1	唇外翻
0	翻外唇
1	妊娠期的生理变化
0	化变理生的期娠妊
1	新生儿贫血
0	血贫儿生新
1	出血倾向
0	向倾血出
1	臀肌萎缩
0	缩萎肌臀
1	黄斑回避现象
0	象现避回斑黄
1	白带
0	带白
1	前囟饱满
0	满饱囟前
1	腹壁静脉怒张
0	张怒脉静壁腹
1	孕晚期腹痛
0	痛腹期晚孕
1	突发性右上腹绞痛
0	痛绞腹上右性发突
1	骶部可有皮赘
0	赘皮有可部骶
1	"鸭步"步态
0	态步"步鸭"
1	绝望感
0	感望绝
1	高碳酸血症
0	症血酸碳高
1	指(趾)甲增厚
0	厚增甲)趾(指
1	冻结肩
0	肩结冻
1	角膜异物
0	物异膜角
1	颅内高压
0	压高内颅
1	阴茎异常
0	常异茎阴
1	尿道口痒
0	痒口道尿
1	黑便
0	便黑
1	角质化
0	化质角
1	下肢负重障碍
0	碍障重负肢下
1	发育小
0	小育发
1	代脉
0	脉代
1	儿童髋部疼痛
0	痛疼部髋童儿
1	鼻黏膜溃疡
0	疡溃膜黏鼻
1	精子活力低
0	低力活子精
1	大写症
0	症写大
1	巨胃窦症
0	症窦胃巨
1	关节僵直
0	直僵节关
1	蛔虫感染
0	染感虫蛔
1	瞳孔固定
0	定固孔瞳
1	骨髓抑制
0	制抑髓骨
1	小儿腿抽筋
0	筋抽腿儿小
1	胸椎畸形
0	形畸椎胸
1	锁骨上的搏动性肿块
0	块肿性动搏的上骨锁
1	遗传性肥胖
0	胖肥性传遗
1	扁桃体发炎
0	炎发体桃扁
1	油腻性鳞屑
0	屑鳞性腻油
1	双肺水泡音
0	音泡水肺双
1	肝阴虚
0	虚阴肝
1	伸膝障碍
0	碍障膝伸
1	低分子蛋白尿
0	尿白蛋子分低
1	环甲肌失去收缩或牵引感
0	感引牵或缩收去失肌甲环
1	巨指(趾)
0	)趾(指巨
1	深昏迷
0	迷昏深
1	肠壁坏死
0	死坏壁肠
1	双吸气
0	气吸双
1	肾上腺转移
0	移转腺上肾
1	阴道不规则出血
0	血出则规不道阴
1	剧痛
0	痛剧
1	骨刺形成
0	成形刺骨
1	骨龄延迟
0	迟延龄骨
1	黄视
0	视黄
1	考试焦虑
0	虑焦试考
1	角弓反张
0	张反弓角
1	足跟步行
0	行步跟足
1	阴道持续中量流血
0	血流量中续持道阴
1	餐后综合征
0	征合综后餐
1	颈交感链受累
0	累受链感交颈
1	肘关节不能屈曲
0	曲屈能不节关肘
1	不能伸展拇指
0	指拇展伸能不
1	皮下脂肪增多
0	多增肪脂下皮
1	继发性癫痫
0	痫癫性发继
1	血性腹水
0	水腹性血
1	碘甲亢
0	亢甲碘
1	反射性腰痛
0	痛腰性射反
1	鼓肠
0	肠鼓
1	不能转颈
0	颈转能不
1	抽动障碍
0	碍障动抽
1	急性病容
0	容病性急
1	口涩
0	涩口
1	胸腺缺如
0	如缺腺胸
1	缓脉
0	脉缓
1	病理性偷窃
0	窃偷性理病
1	藏毛窦
0	窦毛藏
1	迷走神经兴奋
0	奋兴经神走迷
1	口角皲裂
0	裂皲角口
1	骶髂关节疼痛
0	痛疼节关髂骶
1	尿液氨水味
0	味水氨液尿
1	心肌营养障碍
0	碍障养营肌心
1	手指麻痛
0	痛麻指手
1	血管搏动或波形的改变
0	变改的形波或动搏管血
1	鼻端肥大
0	大肥端鼻
1	平衡功能障碍
0	碍障能功衡平
1	喉管阻塞
0	塞阻管喉
1	慢性肾功能不全
0	全不能功肾性慢
1	三角肌疼痛
0	痛疼肌角三
1	角膜糜烂
0	烂糜膜角
1	氰化物烧伤及合并中毒
0	毒中并合及伤烧物化氰
1	肝窦扩张
0	张扩窦肝
1	泪腺囊肿
0	肿囊腺泪
1	畏光及流泪
0	泪流及光畏
1	重度黄疸
0	疸黄度重
1	间歇性鼻阻塞
0	塞阻鼻性歇间
1	颈性眩晕
0	晕眩性颈
1	血流动力学障碍
0	碍障学力动流血
1	腰背的持续隐痛
0	痛隐续持的背腰
1	腓肠肌痉挛转筋)
0	)筋转挛痉肌肠腓
1	上消化道出血
0	血出道化消上
1	单眼突然出现一过性黑蒙
0	蒙黑性过一现出然突眼单
1	脏腑功能失调
0	调失能功腑脏
1	指甲倒刺
0	刺倒甲指
1	先天性铜代谢障碍
0	碍障谢代铜性天先
1	浑身忽冷忽热
0	热忽冷忽身浑
1	下肢无力
0	力无肢下
1	孕妇腿抽筋
0	筋抽腿妇孕
1	上行性皮肤麻木
0	木麻肤皮性行上
1	劳累后胸痛
0	痛胸后累劳
1	胚胎发育供血不足
0	足不血供育发胎胚
1	脑桥小脑角综合征
0	征合综角脑小桥脑
1	大便失禁
0	禁失便大
1	手皮肤发紫
0	紫发肤皮手
1	愉快感缺乏
0	乏缺感快愉
1	全腹痛
0	痛腹全
1	右胸痛
0	痛胸右
1	腹肌紧张
0	张紧肌腹
1	龟头红斑
0	斑红头龟
1	抬肩以助呼吸
0	吸呼助以肩抬
1	类风湿结节
0	节结湿风类
1	肩节后脱位
0	位脱后节肩
1	毛发异常
0	常异发毛
1	血小板寿命缩短
0	短缩命寿板小血
1	抗Jo-1抗体阳性
0	性阳体抗1-oJ抗
1	干性咳嗽
0	嗽咳性干
1	全身过敏反应
0	应反敏过身全
1	椎管大小变化
0	化变小大管椎
1	双上眼睑的水肿性紫红色斑
0	斑色红紫性肿水的睑眼上双
1	气道高反应性
0	性应反高道气
1	异型网织细胞
0	胞细织网型异
1	胆囊壁变薄
0	薄变壁囊胆
1	阵发性或强直性惊厥
0	厥惊性直强或性发阵
1	进食流泪
0	泪流食进
1	多汗且臭味较浓
0	浓较味臭且汗多
1	精囊增大
0	大增囊精
1	虹膜表面形成灰白色肿瘤结节
0	节结瘤肿色白灰成形面表膜虹
1	串珠肋
0	肋珠串
1	搏动性肿块
0	块肿性动搏
1	晶状体皱缩
0	缩皱体状晶
1	幻听
0	听幻
1	儿童离别焦虑
0	虑焦别离童儿
1	妊娠蛋白尿
0	尿白蛋娠妊
1	口腔难愈的白色片状物
0	物状片色白的愈难腔口
1	外阴溃疡
0	疡溃阴外
1	精子大头畸形
0	形畸头大子精
1	子宫小
0	小宫子
1	口唇和甲床略带青紫
0	紫青带略床甲和唇口
1	指(趾)甲横断
0	断横甲)趾(指
1	左下腹部可触及压痛性包块
0	块包性痛压及触可部腹下左
1	色素性胆结石
0	石结胆性素色
1	饮水呛咳
0	咳呛水饮
1	细小黄色瘤状皮疹
0	疹皮状瘤色黄小细
1	拇指征
0	征指拇
1	心音及脉搏消失
0	失消搏脉及音心
1	血道播散
0	散播道血
1	下肢短缩
0	缩短肢下
1	口腔粘膜上白色较硬的隆起斑块
0	块斑起隆的硬较色白上膜粘腔口
1	扁桃体充血肥大
0	大肥血充体桃扁
1	染色体畸形
0	形畸体色染
1	胃酸过多
0	多过酸胃
1	尿道瓣
0	瓣道尿
1	肚脐疼
0	疼脐肚
1	呼吸中可有烂苹果味
0	味果苹烂有可中吸呼
1	性交疼痛
0	痛疼交性
1	脑脊液白细胞增加
0	加增胞细白液脊脑
1	脊神经压迫
0	迫压经神脊
1	尿道局部肿胀
0	胀肿部局道尿
1	尿道口有白膜形成
0	成形膜白有口道尿
1	三尖瓣狭窄
0	窄狭瓣尖三
1	血压为零
0	零为压血
1	口酸
0	酸口
1	下肢水肿
0	肿水肢下
1	食管左壁形成压足跡
0	跡足压成形壁左管食
1	手内肌萎缩
0	缩萎肌内手
1	股二头肌损伤
0	伤损肌头二股
1	臀部放射痛
0	痛射放部臀
1	眼干
0	干眼
1	里急后重
0	重后急里
1	吸烟胸痛
0	痛胸烟吸
1	脐部有一半球形肿块
0	块肿形球半一有部脐
1	脑膜增厚
0	厚增膜脑
1	髓质增生
0	生增质髓
1	结核杆菌血行播散
0	散播行血菌杆核结
1	前房下方有红色血平面
0	面平血色红有方下房前
1	匙状指(趾)
0	)趾(指状匙
1	上肺纤维化明显
0	显明化维纤肺上
1	尿流中断
0	断中流尿
1	肘外侧肿痛及功能障碍
0	碍障能功及痛肿侧外肘
1	肝内管梗阻
0	阻梗管内肝
1	糖尿病皮肤病变
0	变病肤皮病尿糖
1	乳晕深部可扪及肿块
0	块肿及扪可部深晕乳
1	呼吸气为酒味
0	味酒为气吸呼
1	推髌抗阻痛
0	痛阻抗髌推
1	脑白质脱髓鞘
0	鞘髓脱质白脑
1	手指小关节痛肿
0	肿痛节关小指手
1	骨间肌和鱼际肌萎缩
0	缩萎肌际鱼和肌间骨
1	温结节
0	节结温
1	高代谢征群
0	群征谢代高
1	剥脱性皮炎
0	炎皮性脱剥
1	伸臂握手疼痛
0	痛疼手握臂伸
1	指甲-骨四联征
0	征联四骨-甲指
1	耳廓变大
0	大变廓耳
1	脑血管动静脉畸形
0	形畸脉静动管血脑
1	"冻僵"现象
0	象现"僵冻"
1	以头昏为主的眩晕
0	晕眩的主为昏头以
1	小指半月甲呈粉红色
0	色红粉呈甲月半指小
1	儿童恐怖障碍
0	碍障怖恐童儿
1	湿性体质
0	质体性湿
1	不规则热
0	热则规不
1	口鼻血性分泌物
0	物泌分性血鼻口
1	情绪性进食
0	食进性绪情
1	不良睡眠卫生
0	生卫眠睡良不
1	黏液分泌亢进
0	进亢泌分液黏
1	剧烈头痛
0	痛头烈剧
1	乳糜尿
0	尿糜乳
1	情感高涨
0	涨高感情
1	视盘倾斜
0	斜倾盘视
1	难入睡或易惊醒
0	醒惊易或睡入难
1	维生素缺乏
0	乏缺素生维
1	皮下脂肪坏死
0	死坏肪脂下皮
1	宫颈粘液少
0	少液粘颈宫
1	胸骨压痛
0	痛压骨胸
1	口腔粘膜色素沉着
0	着沉素色膜粘腔口
1	情感依赖
0	赖依感情
1	器质性弱视
0	视弱性质器
1	排水样血性大便
0	便大性血样水排
1	肛门夜间奇痒
0	痒奇间夜门肛
1	腿前内侧出现感觉异常
0	常异觉感现出侧内前腿
1	颌小
0	小颌
1	脑转移
0	移转脑
1	腹部中线处肿块
0	块肿处线中部腹
1	小腹冷痛
0	痛冷腹小
1	产后腹痛
0	痛腹后产
1	大腿外侧痛
0	痛侧外腿大
1	无用感
0	感用无
1	动脉出血
0	血出脉动
1	四叠体受压
0	压受体叠四
1	青少年脊柱侧凸
0	凸侧柱脊年少青
1	皮疹呈瘀点
0	点瘀呈疹皮
1	酮症酸中毒
0	毒中酸症酮
1	弥漫性脂肪变性
0	性变肪脂性漫弥
1	腹满
0	满腹
1	颅缝过早闭合
0	合闭早过缝颅
1	胸膜粘连
0	连粘膜胸
1	眩晕
0	晕眩
1	手臂肌肉萎缩
0	缩萎肉肌臂手
1	热痱
0	痱热
1	舌淡体胖
0	胖体淡舌
1	情绪性疲劳
0	劳疲性绪情
1	肺间质纤维化
0	化维纤质间肺
1	尿道刺痒
0	痒刺道尿
1	膀胱刺激症
0	症激刺胱膀
1	痛风结节
0	节结风痛
1	发热伴寒战
0	战寒伴热发
1	性发育停顿
0	顿停育发性
1	鼻端形态不佳
0	佳不态形端鼻
1	脉搏脱漏
0	漏脱搏脉
1	癫痫性人格改变
0	变改格人性痫癫
1	胎膜破裂
0	裂破膜胎
1	妊娠时伴有腹痛的阴道流血
0	血流道阴的痛腹有伴时娠妊
1	皮下囊肿
0	肿囊下皮
1	婴儿头皮结血痂
0	痂血结皮头儿婴
1	毛孔堵塞
0	塞堵孔毛
1	拥抱反射消失
0	失消射反抱拥
1	喜讲秽语
0	语秽讲喜
1	心音遥远
0	远遥音心
1	扑翼样震颤
0	颤震样翼扑
1	强迫行为
0	为行迫强
1	强迫性体位
0	位体性迫强
1	眼底樱桃红斑
0	斑红桃樱底眼
1	肝星状细胞增生
0	生增胞细状星肝
1	腕枪刺状畸形
0	形畸状刺枪腕
1	Q-T间期延长
0	长延期间T-Q
1	肝昏迷
0	迷昏肝
1	盐类皮质激素分泌过少
0	少过泌分素激质皮类盐
1	肺积水
0	水积肺
1	心脏"偷停"感
0	感"停偷"脏心
1	第3腰椎横突的深部有明显压痛
0	痛压显明有部深的突横椎腰3第
1	膝盖砸伤肿痛
0	痛肿伤砸盖膝
1	动脉造影异常
0	常异影造脉动
1	异性装扮癖
0	癖扮装性异
1	睑内翻
0	翻内睑
1	爆发性水泻
0	泻水性发爆
1	生理性肥胖
0	胖肥性理生
1	脊髓马尾受累
0	累受尾马髓脊
1	发作间精神障碍
0	碍障神精间作发
1	婴幼儿脐部有肿物突出
0	出突物肿有部脐儿幼婴
1	颈髓脱髓鞘性病变
0	变病性鞘髓脱髓颈
1	神经纤维过度生长
0	长生度过维纤经神
1	眼眶疼痛
0	痛疼眶眼
1	牙齿遇冷热痛
0	痛热冷遇齿牙
1	关节僵硬
0	硬僵节关
1	强迫仰卧位
0	位卧仰迫强
1	儿童偏食
0	食偏童儿
1	生理性闭经
0	经闭性理生
1	掌跖多汗
0	汗多跖掌
1	平滑肌痉挛
0	挛痉肌滑平
1	小指指甲有凹陷
0	陷凹有甲指指小
1	双胎静脉吻合
0	合吻脉静胎双
1	直肠危象
0	象危肠直
1	鼻孔朝天或鼻孔前倾
0	倾前孔鼻或天朝孔鼻
1	咽喉干燥充血
0	血充燥干喉咽
1	心脏淤积淀粉样物质
0	质物样粉淀积淤脏心
1	眼球斑点
0	点斑球眼
1	顽固性呃逆
0	逆呃性固顽
1	努嘴伸舌
0	舌伸嘴努
1	脐周皮肤青紫色斑
0	斑色紫青肤皮周脐
1	说话带鼻音
0	音鼻带话说
1	假结核结节
0	节结核结假
1	颅骨增生
0	生增骨颅
1	嗅觉过敏
0	敏过觉嗅
1	腹壁反射减弱或消失
0	失消或弱减射反壁腹
1	温觉丧失
0	失丧觉温
1	下肢外展
0	展外肢下
1	新陈代谢旺盛
0	盛旺谢代陈新
1	大三阳
0	阳三大
1	冷球蛋白发生沉淀或呈胶冻状
0	状冻胶呈或淀沉生发白蛋球冷
1	月经期间腰疼
0	疼腰间期经月
1	周围神经损害
0	害损经神围周
1	灌肠癖
0	癖肠灌
1	脊髓横贯损害
0	害损贯横髓脊
1	脑脊液鼻漏
0	漏鼻液脊脑
1	认知功能障碍
0	碍障能功知认
1	皮肤过度伸展
0	展伸度过肤皮
1	惧站立
0	立站惧
1	胫骨疼痛
0	痛疼骨胫
1	产育过多后腰痛
0	痛腰后多过育产
1	肺部啰音
0	音啰部肺
1	酩酊感
0	感酊酩
1	心包缩窄
0	窄缩包心
1	食管梗阻
0	阻梗管食
1	耳源性破伤风
0	风伤破性源耳
1	肩背部沉重感
0	感重沉部背肩
1	眼白蓝灰色或黑色斑点
0	点斑色黑或色灰蓝白眼
1	牙齿颜色异常
0	常异色颜齿牙
1	耳道流血
0	血流道耳
1	足跟的后上方疼痛的红色肿块
0	块肿色红的痛疼方上后的跟足
1	耳鼓膜穿孔
0	孔穿膜鼓耳
1	局部剧痛
0	痛剧部局
1	阴道粘连
0	连粘道阴
1	肝气郁节
0	节郁气肝
1	胃寒疼痛
0	痛疼寒胃
1	手的搓丸样动作
0	作动样丸搓的手
1	黑斑
0	斑黑
1	皮质激素升高
0	高升素激质皮
1	饮酒性面红
0	红面性酒饮
1	牙冠呈半透明乳光色
0	色光乳明透半呈冠牙
1	感染性发热
0	热发性染感
1	收缩期和舒张期杂音
0	音杂期张舒和期缩收
1	脾虚
0	虚脾
1	无嗅脑
0	脑嗅无
1	身体下部短于上部
0	部上于短部下体身
1	暴力冲动行为
0	为行动冲力暴
1	震荡性神经受累
0	累受经神性荡震
1	坏疽脓皮
0	皮脓疽坏
1	视野缺损
0	损缺野视
1	夜间睡眠气短憋醒
0	醒憋短气眠睡间夜
1	血尿伴排尿不畅
0	畅不尿排伴尿血
1	严重情绪障碍
0	碍障绪情重严
1	阻塞性黄疸
0	疸黄性塞阻
1	视物模糊
0	糊模物视
1	阴虚火亢症
0	症亢火虚阴
1	声带老化
0	化老带声
1	舌背中后部黑色丛毛
0	毛丛色黑部后中背舌
1	突然出现剧烈的腰痛
0	痛腰的烈剧现出然突
1	海藻糖酶缺乏
0	乏缺酶糖藻海
1	血偏酸
0	酸偏血
1	反射性呕吐
0	吐呕性射反
1	肾外梗阻
0	阻梗外肾
1	鼻腔中后部出血
0	血出部后中腔鼻
1	神志不清
0	清不志神
1	狂笑
0	笑狂
1	子痫症状
0	状症痫子
1	鼻孔闭锁
0	锁闭孔鼻
1	儿童骨缺损
0	损缺骨童儿
1	扁平足
0	足平扁
1	踝部凹陷性水肿
0	肿水性陷凹部踝
1	上呼吸道和口腔存在大量定植菌
0	菌植定量大在存腔口和道吸呼上
1	咳血
0	血咳
1	一过性的流感样症状
0	状症样感流的性过一
1	咳嗽伴杵状指
0	指状杵伴嗽咳
1	胎位不正
0	正不位胎
1	单纯性上半身消瘦型
0	型瘦消身半上性纯单
1	妊娠反应
0	应反娠妊
1	腕下垂
0	垂下腕
1	手指甲没有白色月牙
0	牙月色白有没甲指手
1	输精管疼痛
0	痛疼管精输
1	下消化道少量出血
0	血出量少道化消下
1	皮肤有瘙痒抓痕
0	痕抓痒瘙有肤皮
1	静脉逗
0	逗脉静
1	胃纳减退
0	退减纳胃
1	阑尾脓肿
0	肿脓尾阑
1	皮肤浸润
0	润浸肤皮
1	肌纤维大小不等
0	等不小大维纤肌
1	口腔黏膜黄豆大小
0	小大豆黄膜黏腔口
1	腰部包块
0	块包部腰
1	痉挛性截瘫期
0	期瘫截性挛痉
1	自汗盗汗
0	汗盗汗自
1	腋下淋巴肿大
0	大肿巴淋下腋
1	阴茎疼痛
0	痛疼茎阴
1	儿童型肌张力障碍
0	碍障力张肌型童儿
1	猫喘音
0	音喘猫
1	子宫增大明显(子宫增大超过胎龄)
0	)龄胎过超大增宫子(显明大增宫子
1	皮肤色素加深
0	深加素色肤皮
1	阵发性夜间呼吸困难
0	难困吸呼间夜性发阵
1	二尖瓣脱垂
0	垂脱瓣尖二
1	皮肤瘙痒
0	痒瘙肤皮
1	小儿的异嗜症状
0	状症嗜异的儿小
1	尿道瘘
0	瘘道尿
1	食物返流至鼻腔
0	腔鼻至流返物食
1	高凝状态
0	态状凝高
1	咽部苹果酱样结节
0	节结样酱果苹部咽
1	心脏复苏
0	苏复脏心
1	食管腔梗阻
0	阻梗腔管食
1	上腹不适
0	适不腹上
1	铁锈色痰
0	痰色锈铁
1	高原多血面容
0	容面血多原高
1	阴部皮肤潮红
0	红潮肤皮部阴
1	脊髓半切综合征
0	征合综切半髓脊
1	羊水血性
0	性血水羊
1	气机失调
0	调失机气
1	下垂乳房
0	房乳垂下
1	颈性头痛
0	痛头性颈
1	褪黑色素增多
0	多增素色黑褪
1	小便不易排空
0	空排易不便小
1	甲亢面容
0	容面亢甲
1	关节疼痛
0	痛疼节关
1	舌苔厚腻
0	腻厚苔舌
1	绝经后白带增多
0	多增带白后经绝
1	怪笑
0	笑怪
1	口咽部水疱状损害
0	害损状疱水部咽口
1	持续性肠绞痛
0	痛绞肠性续持
1	后脑勺疼
0	疼勺脑后
1	舌下垂
0	垂下舌
1	蓝色橡皮大疱痣
0	痣疱大皮橡色蓝
1	泌尿系感染
0	染感系尿泌
1	脚外侧疼
0	疼侧外脚
1	剧烈运动后哮喘
0	喘哮后动运烈剧
1	皮肤触痛
0	痛触肤皮
1	弱视眼的拥挤现象
0	象现挤拥的眼视弱
1	脂肪泻
0	泻肪脂
1	气郁体质
0	质体郁气
1	突眼症
0	症眼突
1	椎动脉迂曲痉挛
0	挛痉曲迂脉动椎
1	手指尖痛或触痛
0	痛触或痛尖指手
1	发热
0	热发
1	皮肤老化
0	化老肤皮
1	排便感
0	感便排
1	上腹部肿块及腹胀
0	胀腹及块肿部腹上
1	肾区压痛
0	痛压区肾
1	阴毛脱落
0	落脱毛阴
1	手指冻肿
0	肿冻指手
1	牙体损伤
0	伤损体牙
1	脉压小
0	小压脉
1	桡骨头发育不良
0	良不育发头骨桡
1	牙疼
0	疼牙
1	前庭性共济失调
0	调失济共性庭前
1	颅脑损伤后头痛
0	痛头后伤损脑颅
1	昼盲
0	盲昼
1	年轻人的眼袋
0	袋眼的人轻年
1	大便习惯改变
0	变改惯习便大
1	下颌前突
0	突前颌下
1	婴儿肋骨外翻
0	翻外骨肋儿婴
1	凹陷性疤痕
0	痕疤性陷凹
1	鳞状上皮
0	皮上状鳞
1	动脉盗血
0	血盗脉动
1	扁桃体小或缺如
0	如缺或小体桃扁
1	呈马蜂螫型游走性水肿
0	肿水性走游型螫蜂马呈
1	良性反应性改变
0	变改性应反性良
1	端坐呼吸
0	吸呼坐端
1	蝶鞍空泡
0	泡空鞍蝶
1	血性胸水
0	水胸性血
1	绝经后子宫内膜增厚
0	厚增膜内宫子后经绝
1	腰骶疼痛
0	痛疼骶腰
1	粘膜充血
0	血充膜粘
1	皮肤紫癜
0	癜紫肤皮
1	腰椎骶化
0	化骶椎腰
1	网络综合症
0	症合综络网
1	胆囊体积缩小
0	小缩积体囊胆
1	产后手指痛
0	痛指手后产
1	肢体或躯干姿势异常
0	常异势姿干躯或体肢
1	视物变小
0	小变物视
1	面部皮肤有结节状增生
0	生增状节结有肤皮部面
1	下肢血压偏低
0	低偏压血肢下
1	败血症的征象
0	象征的症血败
1	季节性手脱皮
0	皮脱手性节季
1	舌苔薄白
0	白薄苔舌
1	粪便中见到褐红色果实皮或毛发
0	发毛或皮实果色红褐到见中便粪
1	皮肤呈浅黄或深金黄色
0	色黄金深或黄浅呈肤皮
1	指趾端干性坏死
0	死坏性干端趾指
1	心理伤害
0	害伤理心
1	黏膜稍苍白
0	白苍稍膜黏
1	嗳气
0	气嗳
1	腰大肌肿胀
0	胀肿肌大腰
1	肝叶萎缩
0	缩萎叶肝
1	腰椎椎管狭窄
0	窄狭管椎椎腰
1	碱烧伤
0	伤烧碱
1	胸廓塌陷畸形
0	形畸陷塌廓胸
1	舒张期奔马律
0	律马奔期张舒
1	缺乏自控能力
0	力能控自乏缺
1	阴囊坠胀痛
0	痛胀坠囊阴
1	下半身消瘦型
0	型瘦消身半下
1	慢性静脉功能不全
0	全不能功脉静性慢
1	结肠膨胀
0	胀膨肠结
1	心律失常
0	常失律心
1	短颈
0	颈短
1	排便困难
0	难困便排
1	蹲踞现象
0	象现踞蹲
1	毛发呈脱发祥
0	祥发脱呈发毛
1	潮式呼吸
0	吸呼式潮
1	子宫内膜梗阻
0	阻梗膜内宫子
1	青红肤色
0	色肤红青
1	表情淡漠
0	漠淡情表
1	女性不孕
0	孕不性女
1	电机械分离现象
0	象现离分械机电
1	金鱼眼
0	眼鱼金
1	脐轮红肿
0	肿红轮脐
1	出血利坏死
0	死坏利血出
1	后发际低
0	低际发后
1	角质层过度增厚
0	厚增度过层质角
1	食欲缺乏
0	乏缺欲食
1	红细胞偏低
0	低偏胞细红
1	癫痫发作
0	作发痫癫
1	濡脉
0	脉濡
1	肢端溃疡
0	疡溃端肢
1	股沟及大腿内侧皮肤有色素沉积
0	积沉素色有肤皮侧内腿大及沟股
1	口鼻生疮
0	疮生鼻口
1	情感倒错
0	错倒感情
1	格子样变性
0	性变样子格
1	脑痉挛
0	挛痉脑
1	梦幻觉
0	觉幻梦
1	下肢久立时出现膨胀性剧烈疼痛
0	痛疼烈剧性胀膨现出时立久肢下
1	局部淋巴结肿大
0	大肿结巴淋部局
1	频繁发笑
0	笑发繁频
1	下肢肿胀和乏力
0	力乏和胀肿肢下
1	颅内压增高
0	高增压内颅
1	反拗危象
0	象危拗反
1	颈部缺血性跳痛
0	痛跳性血缺部颈
1	移行病变
0	变病行移
1	消耗性体重下降
0	降下重体性耗消
1	膀胱纤维化
0	化维纤胱膀
1	全血细胞减少
0	少减胞细血全
1	异位妊娠
0	娠妊位异
1	骨痛
0	痛骨
1	髌骨软化
0	化软骨髌
1	痤疮样皮疹
0	疹皮样疮痤
1	溢乳
0	乳溢
1	脑占位性病变
0	变病性位占脑
1	精液少
0	少液精
1	舞蹈病样动作
0	作动样病蹈舞
1	胃壁肌层缺损
0	损缺层肌壁胃
1	等渗尿
0	尿渗等
1	筋膜疼痛
0	痛疼膜筋
1	面部皮肤油腻
0	腻油肤皮部面
1	肌阵挛
0	挛阵肌
1	骨代谢减低
0	低减谢代骨
1	吸气时出现连枷胸
0	胸枷连现出时气吸
1	伸舌偏斜
0	斜偏舌伸
1	头枕部慢性疼痛
0	痛疼性慢部枕头
1	滤泡增大
0	大增泡滤
1	经前期膝痛
0	痛膝期前经
1	上腹部疼痛
0	痛疼部腹上
1	状颅皮
0	皮颅状
1	钩蚴性皮炎
0	炎皮性蚴钩
1	胸廓狭窄而扁
0	扁而窄狭廓胸
1	尿道分泌粘液或脓性分泌物
0	物泌分性脓或液粘泌分道尿
1	肺泡出血
0	血出泡肺
1	硬腭呈半圆形隆起
0	起隆形圆半呈腭硬
1	腹痛
0	痛腹
1	扁桃体充血
0	血充体桃扁
1	眼球内斜
0	斜内球眼
1	克汀病面容
0	容面病汀克
1	肾动脉阻塞
0	塞阻脉动肾
1	铺路石样变性
0	性变样石路铺
1	皮肤擦伤
0	伤擦肤皮
1	高血钾
0	钾血高
1	动静脉短路现象
0	象现路短脉静动
1	指甲翘起
0	起翘甲指
1	眼角膜反射消失
0	失消射反膜角眼
1	浅筋膜炎
0	炎膜筋浅
1	肺阴虚
0	虚阴肺
1	鼻唇沟加深
0	深加沟唇鼻
1	呼吸暂停样现象
0	象现样停暂吸呼
1	儿童抽动症
0	症动抽童儿
1	手掌硬性水肿
0	肿水性硬掌手
1	偏身肌张力障碍
0	碍障力张肌身偏
1	桡骨茎突部局限性疼痛
0	痛疼性限局部突茎骨桡
1	头痛并呕吐
0	吐呕并痛头
1	发育性畸形
0	形畸性育发
1	会厌炎
0	炎厌会
1	足趾伸屈时足部疼痛
0	痛疼部足时屈伸趾足
1	耐热力降低
0	低降力热耐
1	腹肌肌肉抽搐
0	搐抽肉肌肌腹
1	鼻中隔穿孔
0	孔穿隔中鼻
1	广泛红斑浸润损害伴有脱屑
0	屑脱有伴害损润浸斑红泛广
1	偏身萎缩
0	缩萎身偏
1	拇指三节
0	节三指拇
1	睡眠时睑闭合不全
0	全不合闭睑时眠睡
1	下肢肌肉瘫痪
0	痪瘫肉肌肢下
1	隔膜孔道狭小
0	小狭道孔膜隔
1	寒冷刺激下皮损表面出现皱缩
0	缩皱现出面表损皮下激刺冷寒
1	维生素C缺乏
0	乏缺C素生维
1	双眼抽搐
0	搐抽眼双
1	强笑
0	笑强
1	肺门阴影增多
0	多增影阴门肺
1	便秘伴腹部包块
0	块包部腹伴秘便
1	麻痹
0	痹麻
1	皮肌炎Gottron征
0	征norttoG炎肌皮
1	腮腺区肿大
0	大肿区腺腮
1	口角向外的放射性皱纹
0	纹皱性射放的外向角口
1	紧张性失眠
0	眠失性张紧
1	神经疼痛
0	痛疼经神
1	肩部牵涉痛
0	痛涉牵部肩
1	心率不齐
0	齐不率心
1	面容失认
0	认失容面
1	踝部及足背水肿
0	肿水背足及部踝
1	牙齿松动和脱落
0	落脱和动松齿牙
1	注视快速运动的物体时头部转动快于眼球运动
0	动运球眼于快动转部头时体物的动运速快视注
1	新生儿少吃
0	吃少儿生新
1	脓苔
0	苔脓
1	情感暴发
0	发暴感情
1	下巴长痘
0	痘长巴下
1	苦笑面容
0	容面笑苦
1	菌尿
0	尿菌
1	心排血量增多
0	多增量血排心
1	妊娠斑
0	斑娠妊
1	结肠袋半月襞消失
0	失消襞月半袋肠结
1	重度肥胖
0	胖肥度重
1	双乳间距增宽
0	宽增距间乳双
1	梅毒肝
0	肝毒梅
1	肺血流量很多
0	多很量流血肺
1	多疑
0	疑多
1	儿童期过度生长
0	长生度过期童儿
1	蝶鞍变形
0	形变鞍蝶
1	乳腺退化不全
0	全不化退腺乳
1	溃疡穿孔或出血
0	血出或孔穿疡溃
1	弥漫性系膜硬化
0	化硬膜系性漫弥
1	牵涉痛
0	痛涉牵
1	冷汗
0	汗冷
1	巨脚
0	脚巨
1	宫颈举痛
0	痛举颈宫
1	鼻塞及反射性头痛
0	痛头性射反及塞鼻
1	小腿肚抽筋
0	筋抽肚腿小
1	呈开口状态而不能闭合
0	合闭能不而态状口开呈
1	猜疑
0	疑猜
1	盆腔沉重感
0	感重沉腔盆
1	包皮粘连
0	连粘皮包
1	逼尿肌不稳定
0	定稳不肌尿逼
1	小腿溃疡
0	疡溃腿小
1	神经束损伤断裂
0	裂断伤损束经神
1	脸裂
0	裂脸
1	阔韧带内形成血肿
0	肿血成形内带韧阔
1	骨软化症骨盆
0	盆骨症化软骨
1	肝气犯脾
0	脾犯气肝
1	腰部酸胀及无力
0	力无及胀酸部腰
1	扁平苔癣
0	癣苔平扁
1	鼻分泌物增多
0	多增物泌分鼻
1	四肢电击感
0	感击电肢四
1	鼓膜发红
0	红发膜鼓
1	无助感
0	感助无
1	腹壁广泛性钙质沉着
0	着沉质钙性泛广壁腹
1	鼻腔前部出血
0	血出部前腔鼻
1	眼部胀痛
0	痛胀部眼
1	免疫性溶血
0	血溶性疫免
1	坐骨大小孔区出现压痛
0	痛压现出区孔小大骨坐
1	持续性下腹疼痛
0	痛疼腹下性续持
1	睾丸触痛
0	痛触丸睾
1	退离休综合症
0	症合综休离退
1	蛙形腹
0	腹形蛙
1	下腹部包块
0	块包部腹下
1	静脉萎陷
0	陷萎脉静
1	扁平型骨盆
0	盆骨型平扁
1	容易激动
0	动激易容
1	肠狭窄
0	窄狭肠
1	心源性晕厥
0	厥晕性源心
1	免疫性肾炎
0	炎肾性疫免
1	过渡区R波递增不良
0	良不增递波R区渡过
1	空腹时腹部有振水声者
0	者声水振有部腹时腹空
1	无晶状体眼
0	眼体状晶无
1	哭泣晕厥
0	厥晕泣哭
1	颈强直
0	直强颈
1	皮肤发黄但巩膜没有黄染
0	染黄有没膜巩但黄发肤皮
1	垂体切除术后昏迷
0	迷昏后术除切体垂
1	中指不明原因痛
0	痛因原明不指中
1	咽喉及口内刺痒
0	痒刺内口及喉咽
1	红赤面
0	面赤红
1	疲乏
0	乏疲
1	多指(趾)畸形
0	形畸)趾(指多
1	黄色发亮结痂
0	痂结亮发色黄
1	眼球移位
0	位移球眼
1	革兰阴性杆菌感染
0	染感菌杆性阴兰革
1	肩痛
0	痛肩
1	蓝黄色弱
0	弱色黄蓝
1	收缩期杂音
0	音杂期缩收
1	颈椎增生
0	生增椎颈
1	新月状溶骨性缺损
0	损缺性骨溶状月新
1	不真实感
0	感实真不
1	肠蠕动减慢
0	慢减动蠕肠
1	阴道粘连甚至闭锁
0	锁闭至甚连粘道阴
1	弓形体感染
0	染感体形弓
1	胃肠道淤血
0	血淤道肠胃
1	胆道梗阻
0	阻梗道胆
1	腱或腱止点处增粗或钙化
0	化钙或粗增处点止腱或腱
1	阳虚体质
0	质体虚阳
1	Moro反应迟钝
0	钝迟应反oroM
1	小步态
0	态步小
1	骶尾椎融合
0	合融椎尾骶
1	乳房红肿热痛
0	痛热肿红房乳
1	被窃或疑病妄想
0	想妄病疑或窃被
1	咳出黄色痰液
0	液痰色黄出咳
1	持续的肌肉收缩
0	缩收肉肌的续持
1	膝、踝反射减退
0	退减射反踝、膝
1	盐类皮质激素分泌过多
0	多过泌分素激质皮类盐
1	肠穿孔
0	孔穿肠
1	八字脚步态
0	态步脚字八
1	气管和纵隔移位
0	位移隔纵和管气
1	干性坏疽
0	疽坏性干
1	性腺发育不良
0	良不育发腺性
1	前臂有旋前畸形
0	形畸前旋有臂前
1	口淡黏腻
0	腻黏淡口
1	口唇青紫
0	紫青唇口
1	慢性溃疡
0	疡溃性慢
1	纸样胎儿
0	儿胎样纸
1	后腹膜纤维化
0	化维纤膜腹后
1	睁眼昏迷
0	迷昏眼睁
1	跖部纤维痛
0	痛维纤部跖
1	咽喉疼痛
0	痛疼喉咽
1	假性延髓性麻痹
0	痹麻性髓延性假
1	血液粘滞度增高
0	高增度滞粘液血
1	鼻泪管阻塞
0	塞阻管泪鼻
1	对声音敏感
0	感敏音声对
1	胎心音消失(无胎心音)
0	)音心胎无(失消音心胎
1	无名指不明原因疼痛
0	痛疼因原明不指名无
1	腰背刺痛
0	痛刺背腰
1	食管腔狭窄
0	窄狭腔管食
1	凝视麻痹
0	痹麻视凝
1	扳机指的弹响
0	响弹的指机扳
1	"蝴蝶状"阴影
0	影阴"状蝶蝴"
1	软骨内骨化
0	化骨内骨软
1	心源性胸痛
0	痛胸性源心
1	胸段或腰段脊髓伤
0	伤髓脊段腰或段胸
1	眼白过白
0	白过白眼
1	生理性震颤
0	颤震性理生
1	反复生殖器溃疡
0	疡溃器殖生复反
1	十二指肠高度扩张
0	张扩度高肠指二十
1	脱水
0	水脱
1	阴囊肿大
0	大肿囊阴
1	处女膜无孔
0	孔无膜女处
1	肛内分泌物多
0	多物泌分内肛
1	口角肌肉的抽搐
0	搐抽的肉肌角口
1	锥体外系损害
0	害损系外体锥
1	紧脉
0	脉紧
1	对铋盐过敏
0	敏过盐铋对
1	眼球压痛
0	痛压球眼
1	阴道持续流血不停
0	停不血流续持道阴
1	小腿水肿
0	肿水腿小
1	痰中或可找到蛔蚴或虫卵
0	卵虫或蚴蛔到找可或中痰
1	吟诗样语言
0	言语样诗吟
1	自恋
0	恋自
1	面神经瘫痪
0	痪瘫经神面
1	白渣样鼻涕
0	涕鼻样渣白
1	红斑鳞屑
0	屑鳞斑红
1	精液量多
0	多量液精
1	肾源性水肿
0	肿水性源肾
1	牙齿咬合无力
0	力无合咬齿牙
1	愚型样睑裂歪曲
0	曲歪裂睑样型愚
1	T波低平或倒置
0	置倒或平低波T
1	酒精成瘾
0	瘾成精酒
1	心源性呼吸窘迫
0	迫窘吸呼性源心
1	腓肠肌痉挛性疼痛
0	痛疼性挛痉肌肠腓
1	音调韵律的异常
0	常异的律韵调音
1	乳头破碎
0	碎破头乳
1	距骨坏死
0	死坏骨距
1	心室肥大
0	大肥室心
1	胆汁排泄受阻
0	阻受泄排汁胆
1	恐风
0	风恐
1	急性腹痛
0	痛腹性急
1	均小型狭窄
0	窄狭型小均
1	皮肤苍白
0	白苍肤皮
1	免疫功能障碍
0	碍障能功疫免
1	蛛网膜增厚
0	厚增膜网蛛
1	牵引性头痛
0	痛头性引牵
1	巨大膀胱
0	胱膀大巨
1	膝关节肿大
0	大肿节关膝
1	皮肤受累
0	累受肤皮
1	直肠与肛门狭窄
0	窄狭门肛与肠直
1	外阴幼稚
0	稚幼阴外
1	眼-头反射消失
0	失消射反头-眼
1	腹内压升高
0	高升压内腹
1	右下腹痛伴呕吐
0	吐呕伴痛腹下右
1	肌肉肥大
0	大肥肉肌
1	口臭
0	臭口
1	小胃综合征
0	征合综胃小
1	骨痹
0	痹骨
1	眼睑下垂
0	垂下睑眼
1	外阴烧灼刺激感
0	感激刺灼烧阴外
1	药物依赖
0	赖依物药
1	冷热交替
0	替交热冷
1	化脓性腮腺炎
0	炎腺腮性脓化
1	弓形足
0	足形弓
1	尿赤
0	赤尿
1	妊娠性黄褐斑
0	斑褐黄性娠妊
1	糖代谢紊乱
0	乱紊谢代糖
1	阴囊瘙痒
0	痒瘙囊阴
1	肠管变形
0	形变管肠
1	两条腿不一样长
0	长样一不腿条两
1	胎盘大
0	大盘胎
1	臀沟内似夹着异物样的难受及不愉快感
0	感快愉不及受难的样物异着夹似内沟臀
1	牙齿萌出异常
0	常异出萌齿牙
1	输尿管疼痛
0	痛疼管尿输
1	耳廓红肿
0	肿红廓耳
1	分娩后甲状腺肿大
0	大肿腺状甲后娩分
1	学习困难
0	难困习学
1	病理性近视
0	视近性理病
1	看东西有重影
0	影重有西东看
1	瞳孔缘色素外翻
0	翻外素色缘孔瞳
1	呼吸道阻塞
0	塞阻道吸呼
1	局部游走性红斑
0	斑红性走游部局
1	"老练"外貌
0	貌外"练老"
1	舌体肥大
0	大肥体舌
1	虚脉
0	脉虚
1	膈肌缺损
0	损缺肌膈
1	强迫性脊柱炎
0	炎柱脊性迫强
1	下唇麻木
0	木麻唇下
1	口及咽部烧灼感
0	感灼烧部咽及口
1	头顶重压发紧
0	紧发压重顶头
1	变应性咳嗽
0	嗽咳性应变
1	痢疾样大便
0	便大样疾痢
1	五志化火
0	火化志五
1	眼干涩酸胀
0	胀酸涩干眼
1	病理性听觉适应
0	应适觉听性理病
1	经期前后小腹坠痛
0	痛坠腹小后前期经
1	溶血
0	血溶
1	脑膜炎
0	炎膜脑
1	变应性鼻炎
0	炎鼻性应变
1	急性肠扭转
0	转扭肠性急
1	干性皮肤
0	肤皮性干
1	心理麻木
0	木麻理心
1	玻璃体经瞳孔向前房凸出
0	出凸房前向孔瞳经体璃玻
1	足内翻
0	翻内足
1	关节肿痛
0	痛肿节关
1	膝关节不能完全伸直
0	直伸全完能不节关膝
1	儿童尿床
0	床尿童儿
1	粘膜乳突状生长
0	长生状突乳膜粘
1	肠闭锁
0	锁闭肠
1	氧分压低
0	低压分氧
1	婴儿湿疹结痂
0	痂结疹湿儿婴
1	嘴角降肌发育不良
0	良不育发肌降角嘴
1	便秘伴剧烈腹痛
0	痛腹烈剧伴秘便
1	视近不能持久
0	久持能不近视
1	言语凌乱
0	乱凌语言
1	情绪性头痛
0	痛头性绪情
1	小儿曳足而行
0	行而足曳儿小
1	脊肋角膨隆
0	隆膨角肋脊
1	肝功能异常
0	常异能功肝
1	骨转移
0	移转骨
1	肌肉挛缩
0	缩挛肉肌
1	双眼向上凝视
0	视凝上向眼双
1	点状出血
0	血出状点
1	胡子发黄
0	黄发子胡
1	水、钠潴留性肥胖症
0	症胖肥性留潴钠、水
1	腰痛伴肾区叩击痛
0	痛击叩区肾伴痛腰
1	新生儿少哭
0	哭少儿生新
1	肌束震颤
0	颤震束肌
1	纵隔纤维化
0	化维纤隔纵
1	侧脑室增宽
0	宽增室脑侧
1	气急
0	急气
1	精液稀
0	稀液精
1	巨阴症
0	症阴巨
1	鼓膜充血
0	血充膜鼓
1	鼻孔干疼
0	疼干孔鼻
1	十二指肠有切迹或狭窄
0	窄狭或迹切有肠指二十
1	人工流产术后出血
0	血出后术产流工人
1	发作性咳嗽
0	嗽咳性作发
1	器质性木僵
0	僵木性质器
1	腰背部窦道
0	道窦部背腰
1	外阴压痛
0	痛压阴外
1	红细胞增多-高粘滞度
0	度滞粘高-多增胞细红
1	粪内或直肠乙状结肠黏膜活检找到血吸虫卵
0	卵虫吸血到找检活膜黏肠结状乙肠直或内粪
1	舌肌麻痹
0	痹麻肌舌
1	跖纹中拇趾球区胫侧弓状纹
0	纹状弓侧胫区球趾拇中纹跖
1	打哈欠
0	欠哈打
1	意志丧失性格
0	格性失丧志意
1	咳出带臭味的干痂
0	痂干的味臭带出咳
1	女性周期性鼻塞和鼻衄
0	衄鼻和塞鼻性期周性女
1	稀便
0	便稀
1	新生儿手足徐动
0	动徐足手儿生新
1	口炎
0	炎口
1	体循环淤血
0	血淤环循体
1	胸膜休克
0	克休膜胸
1	丘脑出血
0	血出脑丘
1	体象障碍
0	碍障象体
1	指甲床发绀
0	绀发床甲指
1	胃酸减少
0	少减酸胃
1	小腿瘙痒干燥
0	燥干痒瘙腿小
1	泌尿道破裂
0	裂破道尿泌
1	顽固性心功能不全
0	全不能功心性固顽
1	舌两侧边缘毛状白斑
0	斑白状毛缘边侧两舌
1	脑白质偏少
0	少偏质白脑
1	面部麻木
0	木麻部面
1	疤痕奇痒
0	痒奇痕疤
1	乳腺肥大
0	大肥腺乳
1	胸闷
0	闷胸
1	四肢震颤
0	颤震肢四
1	肩胛放射性疼痛
0	痛疼性射放胛肩
1	头胀
0	胀头
1	不明原因发热
0	热发因原明不
1	产后头痛
0	痛头后产
1	胆囊触痛征
0	征痛触囊胆
1	儿童恐怖症
0	症怖恐童儿
1	血管内凝血
0	血凝内管血
1	反复感染
0	染感复反
1	韦氏环
0	环氏韦
1	鼻溢液
0	液溢鼻
1	踝阵挛
0	挛阵踝
1	逼尿肌反射亢进
0	进亢射反肌尿逼
1	低位腰痛
0	痛腰位低
1	脊柱的成角畸形
0	形畸角成的柱脊
1	膝关节内侧肿胀青紫
0	紫青胀肿侧内节关膝
1	踝关节疼痛
0	痛疼节关踝
1	心瓣膜病变
0	变病膜瓣心
1	颈静脉充盈
0	盈充脉静颈
1	望诊无明显心前区搏动
0	动搏区前心显明无诊望
1	前列腺素合成减少
0	少减成合素腺列前
1	肥大结节纤维组织增生
0	生增织组维纤节结大肥
1	胃容纳性减弱
0	弱减性纳容胃
1	右心室流出道
0	道出流室心右
1	尿道流出分泌物
0	物泌分出流道尿
1	脑灰质移位
0	位移质灰脑
1	支气管肺泡音
0	音泡肺管气支
1	强迫俯卧位
0	位卧俯迫强
1	咳出棕色痰栓
0	栓痰色棕出咳
1	心肌缺氧
0	氧缺肌心
1	抽筋
0	筋抽
1	眉弓疼痛
0	痛疼弓眉
1	皮肤逐渐呈暗黑色
0	色黑暗呈渐逐肤皮
1	意向性震颤
0	颤震性向意
1	动作样壁
0	壁样作动
1	脐带血流
0	流血带脐
1	下垂肩
0	肩垂下
1	肩胛骨突出
0	出突骨胛肩
1	颜面的火焰状母斑
0	斑母状焰火的面颜
1	蜘蛛痣
0	痣蛛蜘
1	外周静脉充勇
0	勇充脉静周外
1	经期提前
0	前提期经
1	小儿痒疹
0	疹痒儿小
1	牙齿发黄
0	黄发齿牙
1	粪便量少
0	少量便粪
1	咽喉部干燥刺痒
0	痒刺燥干部喉咽
1	颈部皱纹多
0	多纹皱部颈
1	肌肉酸痛
0	痛酸肉肌
1	粘液便
0	便液粘
1	打鼾
0	鼾打
1	肌张力降低
0	低降力张肌
1	胸腰段及腰椎前凸消失
0	失消凸前椎腰及段腰胸
1	脊髓内胶质增生
0	生增质胶内髓脊
1	摇摆步态
0	态步摆摇
1	单侧及假性手足徐动
0	动徐足手性假及侧单
1	尿隐血
0	血隐尿
1	口腔唇系带粗大
0	大粗带系唇腔口
1	喘息
0	息喘
1	脑电波的改变
0	变改的波电脑
1	躁狂
0	狂躁
1	叹气后舒服
0	服舒后气叹
1	寂静腹
0	腹静寂
1	妊娠期血糖高
0	高糖血期娠妊
1	断续的肌收缩
0	缩收肌的续断
1	仰卧呼吸
0	吸呼卧仰
1	梅毒恐怖
0	怖恐毒梅
1	夜间头痛
0	痛头间夜
1	月经期长痘
0	痘长期经月
1	口唇泛黑
0	黑泛唇口
1	挛缩性瘢痕
0	痕瘢性缩挛
1	脂肪痢
0	痢肪脂
1	鼻毛变白
0	白变毛鼻
1	口腔黏膜脱落
0	落脱膜黏腔口
1	打喷嚏
0	嚏喷打
1	产力异常
0	常异力产
1	子宫收缩不良
0	良不缩收宫子
1	腹部"柔韧感"体征
0	征体"感韧柔"部腹
1	缺血性挛缩
0	缩挛性血缺
1	肛门区红肿及痛性硬块
0	块硬性痛及肿红区门肛
1	微循环障碍
0	碍障环循微
1	舒张期哈气样杂音
0	音杂样气哈期张舒
1	输卵管肿块
0	块肿管卵输
1	左心衰竭
0	竭衰心左
1	单侧头痛
0	痛头侧单
1	口腔黏膜纤维化
0	化维纤膜黏腔口
1	婴儿睡觉前哭闹
0	闹哭前觉睡儿婴
1	产后胸部下垂
0	垂下部胸后产
1	肢体震颤
0	颤震体肢
1	淋巴管淤积
0	积淤管巴淋
1	角膜灼伤刮伤
0	伤刮伤灼膜角
1	水咳
0	咳水
1	颈部酸痛
0	痛酸部颈
1	糖耐量降低
0	低降量耐糖
1	肾内动脉变细或阻塞
0	塞阻或细变脉动内肾
1	新生儿脓漏眼
0	眼漏脓儿生新
1	毫无情感反应
0	应反感情无毫
1	先天性乳糖酶缺乏
0	乏缺酶糖乳性天先
1	柏油便
0	便油柏
1	不能发高音
0	音高发能不
1	耳下区的韧实肿块
0	块肿实韧的区下耳
1	食物下咽时颈部有气过水声感
0	感声水过气有部颈时咽下物食
1	肛门出血
0	血出门肛
1	肝内HDAg仅一过性阳性
0	性阳性过一仅gADH内肝
1	单瘫
0	瘫单
1	β-氨基酸尿
0	尿酸基氨-β
1	皮肤龟裂
0	裂龟肤皮
1	胀感
0	感胀
1	呼吸气为尿臭味
0	味臭尿为气吸呼
1	呼吸气为腐臭味
0	味臭腐为气吸呼
1	血小板增多
0	多增板小血
1	局部肢体抽动
0	动抽体肢部局
1	窒息
0	息窒
1	足癣
0	癣足
1	肌肉出血
0	血出肉肌
1	腰骶部或下腰部疼痛
0	痛疼部腰下或部骶腰
1	急腹症
0	症腹急
1	脊柱和四肢畸形
0	形畸肢四和柱脊
1	舌咬伤
0	伤咬舌
1	吞咽时发生晕厥
0	厥晕生发时咽吞
1	羊水中有胎粪
0	粪胎有中水羊
1	毛囊性呈鳞片状角化
0	化角状片鳞呈性囊毛
1	髓质海绵肾
0	肾绵海质髓
1	脸颊潮红
0	红潮颊脸
1	免疫力降低
0	低降力疫免
1	阴虚胃痛
0	痛胃虚阴
1	不能露齿及突唇
0	唇突及齿露能不
1	身体摇晃征
0	征晃摇体身
1	骨脆
0	脆骨
1	扭转动作
0	作动转扭
1	精索增粗肿胀
0	胀肿粗增索精
1	甲胎蛋白增高
0	高增白蛋胎甲
1	肝静脉病变
0	变病脉静肝
1	角膜表面三角形胬肉
0	肉胬形角三面表膜角
1	肠管出血
0	血出管肠
1	出汗减少
0	少减汗出
1	青少年白发
0	发白年少青
1	性兴趣减退感
0	感退减趣兴性
1	白细胞尿
0	尿胞细白
1	一过性全面性遗忘
0	忘遗性面全性过一
1	肩背痛
0	痛背肩
1	假性宫缩
0	缩宫性假
1	地图样骨缺损
0	损缺骨样图地
1	耳前庭功能受损
0	损受能功庭前耳
1	心理性性功能障碍
0	碍障能功性性理心
1	浅昏迷
0	迷昏浅
1	左胸痛
0	痛胸左
1	骨髓的发育异常
0	常异育发的髓骨
1	房性逸搏心律加速
0	速加律心搏逸性房
1	充血
0	血充
1	月经紊乱
0	乱紊经月
1	玫瑰疹
0	疹瑰玫
1	干咳
0	咳干
1	反应性细胞改变
0	变改胞细性应反
1	边缘溃疡性角膜炎
0	炎膜角性疡溃缘边
1	胃粘膜损伤
0	伤损膜粘胃
1	尿液烂苹果味
0	味果苹烂液尿
1	异食癖
0	癖食异
1	心脏毒性作用
0	用作性毒脏心
1	穿透性皮肤变性
0	性变肤皮性透穿
1	情绪性胃痛
0	痛胃性绪情
1	脾胃虚寒
0	寒虚胃脾
1	血栓外痔
0	痔外栓血
1	微血栓形成
0	成形栓血微
1	喉咙冒黏液
0	液黏冒咙喉
1	停经并溢乳
0	乳溢并经停
1	小颌
0	颌小
1	女性性器官反应缺乏
0	乏缺应反官器性性女
1	糖尿
0	尿糖
1	头跳痛
0	痛跳头
1	反酸
0	酸反
1	胆囊收缩功能不良
0	良不能功缩收囊胆
1	习惯性尿裤
0	裤尿性惯习
1	脘痞
0	痞脘
1	眼球内积脓而失明
0	明失而脓积内球眼
1	周身炎症反应
0	应反症炎身周
1	息肉
0	肉息
1	泛发性红色斑块
0	块斑色红性发泛
1	肢体短缩畸形
0	形畸缩短体肢
1	胎盘老化
0	化老盘胎
1	心跳加快
0	快加跳心
1	鼻衂
0	衂鼻
1	消化道狭窄
0	窄狭道化消
1	下肢呈剪刀步态
0	态步刀剪呈肢下
1	下肢中枢性瘫痪
0	痪瘫性枢中肢下
1	肋间肩胛带疼痛
0	痛疼带胛肩间肋
1	黑尿
0	尿黑
1	粘膜增生性炎症
0	症炎性生增膜粘
1	足部肿胀压痛
0	痛压胀肿部足
1	CO2潴留
0	留潴2OC
1	缺乏深睡眠
0	眠睡深乏缺
1	涩脉
0	脉涩
1	看东西有小黑点
0	点黑小有西东看
1	皮质下痴呆
0	呆痴下质皮
1	垂体功能减退
0	退减能功体垂
1	臀部闪电疼痛
0	痛疼电闪部臀
1	子宫高度低于妊娠周数
0	数周娠妊于低度高宫子
1	痉挛性便秘
0	秘便性挛痉
1	水泡
0	泡水
1	胚胎停止发育
0	育发止停胎胚
1	胸膜增厚
0	厚增膜胸
1	脑干损害体征
0	征体害损干脑
1	全身代谢低下
0	下低谢代身全
1	无痛性硬实结节
0	节结实硬性痛无
1	张嘴颌骨响
0	响骨颌嘴张
1	睑结膜出现灰白色膜
0	膜色白灰现出膜结睑
1	胸肌萎缩
0	缩萎肌胸
1	胆道闭锁
0	锁闭道胆
1	水中毒性昏迷
0	迷昏性毒中水
1	耳前淋巴结肿大
0	大肿结巴淋前耳
1	判断力和定向力障碍
0	碍障力向定和力断判
1	季节性情绪抑郁
0	郁抑绪情性节季
1	稽留流产
0	产流留稽
1	肠道功能紊乱
0	乱紊能功道肠
1	非依赖性物质所致的精神障碍
0	碍障神精的致所质物性赖依非
1	角膜上皮糜烂
0	烂糜皮上膜角
1	轻度中毒
0	毒中度轻
1	脓血便
0	便血脓
1	致死性上呼吸道出血
0	血出道吸呼上性死致
1	齿龈出血
0	血出龈齿
1	乳汁分泌减少
0	少减泌分汁乳
1	咀嚼肌肥大
0	大肥肌嚼咀
1	腹膜炎
0	炎膜腹
1	胃热疼痛
0	痛疼热胃
1	反复鼻出血
0	血出鼻复反
1	角膜干燥斑
0	斑燥干膜角
1	舌头震颤
0	颤震头舌
1	皮肤花斑样
0	样斑花肤皮
1	指甲呈扁平形
0	形平扁呈甲指
1	大阴唇或肛门大小不等、质软无压痛包块
0	块包痛压无软质、等不小大门肛或唇阴大
1	吐弄舌
0	舌弄吐
1	骨骺提前闭合
0	合闭前提骺骨
1	上腹囊性肿块
0	块肿性囊腹上
1	髋关节痛
0	痛节关髋
1	腮腺肿大
0	大肿腺腮
1	咯血伴黄疸
0	疸黄伴血咯
1	急性胃痛
0	痛胃性急
1	尾部疼痛而拒坐
0	坐拒而痛疼部尾
1	尿分叉
0	叉分尿
1	髌骨劳损
0	损劳骨髌
1	口有溴味及咸味
0	味咸及味溴有口
1	上呼吸道卡他症状
0	状症他卡道吸呼上
1	颈部可前屈
0	屈前可部颈
1	阑尾感染
0	染感尾阑
1	肌肉紧张性疼痛
0	痛疼性张紧肉肌
1	偏头痛
0	痛头偏
1	闪电样痛
0	痛样电闪
1	进食样自动症
0	症动自样食进
1	囟门跳动
0	动跳门囟
1	畏热
0	热畏
1	实脉
0	脉实
1	小腿腓部肌肉疼痛和压痛
0	痛压和痛疼肉肌部腓腿小
1	颅神经损害
0	害损经神颅
1	三尖瓣脱垂
0	垂脱瓣尖三
1	关节响痛
0	痛响节关
1	醉酒
0	酒醉
1	产道扁平型狭窄
0	窄狭型平扁道产
1	头皮平直裂口
0	口裂直平皮头
1	鼻咽癌的远处转移
0	移转处远的癌咽鼻
1	尿道内虫咬感或阴道内虫爬感
0	感爬虫内道阴或感咬虫内道尿
1	腹部型肥胖
0	胖肥型部腹
1	胡子稀疏
0	疏稀子胡
1	进食困难
0	难困食进
1	行走时发生腓肠肌麻木
0	木麻肌肠腓生发时走行
1	骨缝分开
0	开分缝骨
1	血沉增快
0	快增沉血
1	喉头增大
0	大增头喉
1	右上腹痛
0	痛腹上右
1	胆管梗阻
0	阻梗管胆
1	注意力不集中
0	中集不力意注
1	肩带肌、上肢和胸背部诸肌的肌无力和肌萎缩
0	缩萎肌和力无肌的肌诸部背胸和肢上、肌带肩
1	毛细血管渗漏综合征
0	征合综漏渗管血细毛
1	右背部痛
0	痛部背右
1	循环衰竭
0	竭衰环循
1	高同型半胱氨酸血症
0	症血酸氨胱半型同高
1	糖类皮质激素分泌过少
0	少过泌分素激质皮类糖
1	有排卵性功血
0	血功性卵排有
1	环状肉芽肿
0	肿芽肉状环
1	额头皱纹突然增加
0	加增然突纹皱头额
1	眼底点状或火焰状出血
0	血出状焰火或状点底眼
1	心悸伴高血压
0	压血高伴悸心
1	中毒严重
0	重严毒中
1	心脏结构异常
0	常异构结脏心
1	抗内膜抗体阳性
0	性阳体抗膜内抗
1	咽部异物感
0	感物异部咽
1	咖啡斑
0	斑啡咖
1	一侧下腹坠痛
0	痛坠腹下侧一
1	强迫性性行为
0	为行性性迫强
1	小脑-视网膜综合征
0	征合综膜网视-脑小
1	乳房胀痛
0	痛胀房乳
1	多囊卵巢
0	巢卵囊多
1	皮肤出现硬块
0	块硬现出肤皮
1	窦房结病变
0	变病结房窦
1	血性渗液
0	液渗性血
1	磨牙后垫红肿
0	肿红垫后牙磨
1	慢性盆腔痛
0	痛腔盆性慢
1	蛛网膜腔内囊肿
0	肿囊内腔膜网蛛
1	副耳
0	耳副
1	永久性秃发
0	发秃性久永
1	颈部肌肉肿胀变硬
0	硬变胀肿肉肌部颈
1	球蛋白异常
0	常异白蛋球
1	多梦
0	梦多
1	主动脉瓣上膈膜型狭窄
0	窄狭型膜膈上瓣脉动主
1	齿龈增生
0	生增龈齿
1	腰部缓慢增大的软肿块
0	块肿软的大增慢缓部腰
1	眼底出血和渗出
0	出渗和血出底眼
1	无活动性结核病灶
0	灶病核结性动活无
1	口唇周围有炎性鳞状皮肤
0	肤皮状鳞性炎有围周唇口
1	逆行性细菌感染
0	染感菌细性行逆
1	深痱
0	痱深
1	乳汁郁结
0	结郁汁乳
1	静脉血氧饱和度(SVO2)降低
0	低降)2OVS(度和饱氧血脉静
1	高通气
0	气通高
1	红细胞畸形
0	形畸胞细红
1	弥漫性骨质疏松
0	松疏质骨性漫弥
1	圆形或卵圆形丘疹或结节
0	节结或疹丘形圆卵或形圆
1	恶露
0	露恶
1	耳后红肿
0	肿红后耳
1	点状痤疮
0	疮痤状点
1	经期浮肿
0	肿浮期经
1	手下垂时皮肤呈灰蓝色
0	色蓝灰呈肤皮时垂下手
1	痱疹样皮疹
0	疹皮样疹痱
1	维生素B族缺乏
0	乏缺族B素生维
1	实火
0	火实
1	骨产道异常
0	常异道产骨
1	心境高涨
0	涨高境心
1	眼睑肥厚
0	厚肥睑眼
1	肢体疼痛
0	痛疼体肢
1	全身性血管损害
0	害损管血性身全
1	肺纹理增粗
0	粗增理纹肺
1	偏侧空间忽略症
0	症略忽间空侧偏
1	心前区隆起
0	起隆区前心
1	反复出血
0	血出复反
1	睑外翻
0	翻外睑
1	组织细胞增生
0	生增胞细织组
1	关节酸痛
0	痛酸节关
1	淋巴道转移
0	移转道巴淋
1	肉芽肿
0	肿芽肉
1	肺内空洞
0	洞空内肺
1	耳垂缺损
0	损缺垂耳
1	镜面舌
0	舌面镜
1	贪食行为
0	为行食贪
1	咬痛
0	痛咬
1	骨赘大量增生
0	生增量大赘骨
1	肛门会阴区潮湿不洁
0	洁不湿潮区阴会门肛
1	皮肤划线处的风团样损害
0	害损样团风的处线划肤皮
1	阴道裂伤
0	伤裂道阴
1	唾液分泌增多
0	多增泌分液唾
1	白细胞减少
0	少减胞细白
1	眼球震颤
0	颤震球眼
1	大疱(含脓性液体)
0	)体液性脓含(疱大
1	口、眼、生殖器损害
0	害损器殖生、眼、口
1	膀胱功能障碍
0	碍障能功胱膀
1	肝脏病变弥漫
0	漫弥变病脏肝
1	腰痛
0	痛腰
1	软组织肿胀
0	胀肿织组软
1	丘疹性痤疮
0	疮痤性疹丘
1	二羧基氨基酸尿
0	尿酸基氨基羧二
1	脊柱后突
0	突后柱脊
1	关节面不规则硬化
0	化硬则规不面节关
1	尺动脉或桡动脉搏动减弱和消失
0	失消和弱减动搏脉动桡或脉动尺
1	牙列拥挤
0	挤拥列牙
1	食指指甲凹陷
0	陷凹甲指指食
1	水肿
0	肿水
1	心脏病引发的晕厥
0	厥晕的发引病脏心
1	咽部慢性充血
0	血充性慢部咽
1	瞳孔出现黄白色反光
0	光反色白黄现出孔瞳
1	躯体性疾病所致的精神障碍
0	碍障神精的致所病疾性体躯
1	左心室肥厚
0	厚肥室心左
1	压缩型骨折
0	折骨型缩压
1	精液带血
0	血带液精
1	脉速而无力
0	力无而速脉
1	基因融合
0	合融因基
1	舌体深裂
0	裂深体舌
1	投掷动作(颤搐)
0	)搐颤(作动掷投
1	胎痣
0	痣胎
1	支气管以下的损伤
0	伤损的下以管气支
1	阵发性痴笑
0	笑痴性发阵
1	产后极端行为
0	为行端极后产
1	出生时小头
0	头小时生出
1	场所恐惧
0	惧恐所场
1	睡眠中周期性腿动
0	动腿性期周中眠睡
1	椎体结核
0	核结体椎
1	一咳嗽胸口就疼
0	疼就口胸嗽咳一
1	Y-现象和菱形现象
0	象现形菱和象现-Y
1	怀孕时子宫异常增大
0	大增常异宫子时孕怀
1	三联征
0	征联三
1	晶状体蛋白逸出
0	出逸白蛋体状晶
1	慢性房颤
0	颤房性慢
1	单侧眼底出现肉芽肿性改变
0	变改性肿芽肉现出底眼侧单
1	舌干苔厚
0	厚苔干舌
1	咳巧克力色痰
0	痰色力克巧咳
1	咳嗽性晕厥
0	厥晕性嗽咳
1	幻肢痛
0	痛肢幻
1	第二性征改变
0	变改征性二第
1	性感不快
0	快不感性
1	技术狂躁症
0	症躁狂术技
1	免疫损害
0	害损疫免
1	皮下静脉呈网状怒张
0	张怒状网呈脉静下皮
1	旅行者水肿
0	肿水者行旅
1	胆管断裂
0	裂断管胆
1	仰趾外翻
0	翻外趾仰
1	糙皮病样皮疹
0	疹皮样病皮糙
1	舌齿龈疼痛性粟粒至水疱
0	疱水至粒粟性痛疼龈齿舌
1	发作性睡眠
0	眠睡性作发
1	肛门直肠畸形
0	形畸肠直门肛
1	牙齿臭
0	臭齿牙
1	屈伸不利
0	利不伸屈
1	皮下脂肪消失
0	失消肪脂下皮
1	皮肤软组织感染
0	染感织组软肤皮
1	髋外侧酸胀
0	胀酸侧外髋
1	耳源性眩晕
0	晕眩性源耳
1	鼻孔外露
0	露外孔鼻
1	眼疲劳
0	劳疲眼
1	容易发生强迫性症状或疑病观念
0	念观病疑或状症性迫强生发易容
1	走动性自动症
0	症动自性动走
1	皮肤冻伤
0	伤冻肤皮
1	先天性弓形体
0	体形弓性天先
1	四肢畸形
0	形畸肢四
1	口腔黏膜溃疡
0	疡溃膜黏腔口
1	哭笑失常
0	常失笑哭
1	口角生疮
0	疮生角口
1	跖反射伸性
0	性伸射反跖
1	秋季狂躁症
0	症躁狂季秋
1	血性耳分泌物
0	物泌分耳性血
1	中骨盆狭窄
0	窄狭盆骨中
1	胃纳差症状
0	状症差纳胃
1	阴道分泌物增多
0	多增物泌分道阴
1	耳孔处肿物
0	物肿处孔耳
1	强迫停立位
0	位立停迫强
1	乳酸蓄积过多
0	多过积蓄酸乳
1	发音改变
0	变改音发
1	脉数
0	数脉
1	视力下降
0	降下力视
1	腹股沟区可复性肿块
0	块肿性复可区沟股腹
1	子宫颈变大
0	大变颈宫子
1	脉氧合不足
0	足不合氧脉
1	鼻腔干燥及结痂
0	痂结及燥干腔鼻
1	胃灼热
0	热灼胃
1	眼睑松弛和上唇增厚
0	厚增唇上和弛松睑眼
1	妊娠高血压征
0	征压血高娠妊
1	抑郁
0	郁抑
1	脾气虚
0	虚气脾
1	全身骨骼肌痉挛
0	挛痉肌骼骨身全
1	筛窦泪囊瘘
0	瘘囊泪窦筛
1	头颅增大
0	大增颅头
1	脱发
0	发脱
1	红细胞增多
0	多增胞细红
1	季节性浅红斑片
0	片斑红浅性节季
1	胸痛伴胸闷、心悸
0	悸心、闷胸伴痛胸
1	眼球不同轴
0	轴同不球眼
1	视网膜脱离
0	离脱膜网视
1	心源性呼吸困难
0	难困吸呼性源心
1	吸气时鼻腔阻塞
0	塞阻腔鼻时气吸
1	上肢水肿
0	肿水肢上
1	脓包
0	包脓
1	蓝鼓膜征
0	征膜鼓蓝
1	醉汉步态
0	态步汉醉
1	并指(趾)畸形
0	形畸)趾(指并
1	胎儿单臂先露
0	露先臂单儿胎
1	皮肤瘀斑
0	斑瘀肤皮
1	出生后即有持续青紫
0	紫青续持有即后生出
1	鼻咽异物
0	物异咽鼻
1	足趾皮肤发黑
0	黑发肤皮趾足
1	骨溶解
0	解溶骨
1	眼发胀、发干
0	干发、胀发眼
1	下颌角外翻
0	翻外角颌下
1	低血容量休克
0	克休量容血低
1	巨脾症
0	症脾巨
1	持续颅内杂音
0	音杂内颅续持
1	头皮不规则裂口
0	口裂则规不皮头
1	皮肤发红
0	红发肤皮
1	面容憔悴早老
0	老早悴憔容面
1	咳嗽
0	嗽咳
1	药物中毒
0	毒中物药
1	口角歪斜
0	斜歪角口
1	腹股沟疼痛
0	痛疼沟股腹
1	关节积液
0	液积节关
1	骶骨发育不良
0	良不育发骨骶
1	髌骨缺失或发育不良
0	良不育发或失缺骨髌
1	低氧血症
0	症血氧低
1	结肠憩室
0	室憩肠结
1	髋外侧肿胀压痛
0	痛压胀肿侧外髋
1	下背部僵硬和疼痛
0	痛疼和硬僵部背下
1	牙齿形态异常
0	常异态形齿牙
1	癫痫的失神发作
0	作发神失的痫癫
1	夏季痒疹
0	疹痒季夏
1	肺纹理增多
0	多增理纹肺
1	没有肛门
0	门肛有没
1	声门以上的损伤
0	伤损的上以门声
1	尿频伴尿急和尿痛
0	痛尿和急尿伴频尿
1	表皮发生钙化
0	化钙生发皮表
1	指甲细长
0	长细甲指
1	劳累后遗精
0	精遗后累劳
1	肺血增多
0	多增血肺
1	肌肉拉伤
0	伤拉肉肌
1	儿童联想和情感障碍
0	碍障感情和想联童儿
1	耳后红斑
0	斑红后耳
1	脐带血循环障碍
0	碍障环循血带脐
1	肝火
0	火肝
1	侵蚀性骨破坏
0	坏破骨性蚀侵
1	肾上腺皮质激素不足
0	足不素激质皮腺上肾
1	咯血
0	血咯
1	食管蠕动功能减弱
0	弱减能功动蠕管食
1	耳垂过大
0	大过垂耳
1	尿血
0	血尿
1	脐周腹壁缺损
0	损缺壁腹周脐
1	肩膀酸疼
0	疼酸膀肩
1	迷走神经张力增高
0	高增力张经神走迷
1	产褥期谵妄状态
0	态状妄谵期褥产
1	输尿管间脊肥大
0	大肥脊间管尿输
1	肢体僵硬感
0	感硬僵体肢
1	脑水肿
0	肿水脑
1	乳房巨大
0	大巨房乳
1	普秃
0	秃普
1	工作倦怠
0	怠倦作工
1	肢体局部的皮肤颜色和温度改变
0	变改度温和色颜肤皮的部局体肢
1	小头
0	头小
1	乳头侵蚀
0	蚀侵头乳
1	单发性坚实性结节
0	节结性实坚性发单
1	泪腺发炎
0	炎发腺泪
1	内分泌功能减退
0	退减能功泌分内
1	低血糖惊厥
0	厥惊糖血低
1	劳累时腰部酸痛或胀痛
0	痛胀或痛酸部腰时累劳
1	心口灼热痛
0	痛热灼口心
1	婴儿需要较大量的维生素B6
0	6B素生维的量大较要需儿婴
1	肾上腺中毒
0	毒中腺上肾
1	乳房肥大
0	大肥房乳
1	挑剔嘴
0	嘴剔挑
1	胆固醇高
0	高醇固胆
1	耳廓耳道撕裂伤
0	伤裂撕道耳廓耳
1	脉压差低
0	低差压脉
1	皮肤落屑并导致表皮剥脱
0	脱剥皮表致导并屑落肤皮
1	全身消瘦型
0	型瘦消身全
1	颈髓硬膜外病变
0	变病外膜硬髓颈
1	食欲异常
0	常异欲食
1	内脏梗阻
0	阻梗脏内
1	腹部凹陷呈舟状
0	状舟呈陷凹部腹
1	背部出现小水泡
0	泡水小现出部背
1	弯腰时腰痛
0	痛腰时腰弯
1	淋巴结结核
0	核结结巴淋
1	颈部僵硬
0	硬僵部颈
1	乳房内光滑质韧的球形肿块
0	块肿形球的韧质滑光内房乳
1	神经痛
0	痛经神
1	习惯性便秘
0	秘便性惯习
1	心绞痛
0	痛绞心
1	体温过低
0	低过温体
1	青春期胸部发育缓慢
0	慢缓育发部胸期春青
1	鸟嘴样尖鼻
0	鼻尖样嘴鸟
1	耳后疼痛
0	痛疼后耳
1	婴儿枕秃
0	秃枕儿婴
1	无宫缩间歇
0	歇间缩宫无
1	瞳孔异常
0	常异孔瞳
1	生长激素分泌过多
0	多过泌分素激长生
1	水冲脉
0	脉冲水
1	疲劳
0	劳疲
1	喉咙痒
0	痒咙喉
1	气血凝滞
0	滞凝血气
1	纵隔淋巴结增生
0	生增结巴淋隔纵
1	老人髋部疼痛
0	痛疼部髋人老
1	牙齿较小呈半透明状
0	状明透半呈小较齿牙
1	豆纹动脉闭塞
0	塞闭脉动纹豆
1	新生儿低血磷
0	磷血低儿生新
1	褐色尿
0	尿色褐
1	异源性ACTH
0	HTCA性源异
1	间歇性胃痛
0	痛胃性歇间
1	胎心不规则
0	则规不心胎
1	炎性外痔
0	痔外性炎
1	轻度烧伤
0	伤烧度轻
1	前斜角肌肥厚痉挛
0	挛痉厚肥肌角斜前
1	骨髓浆细胞增多
0	多增胞细浆髓骨
1	记忆受损
0	损受忆记
1	腠理不固
0	固不理腠
1	分离性遗忘
0	忘遗性离分
1	斜头畸形
0	形畸头斜
1	保持睡眠障碍性失眠
0	眠失性碍障眠睡持保
1	口唇皲裂
0	裂皲唇口
1	静脉曲张性溃疡
0	疡溃性张曲脉静
1	心脏重量增加
0	加增量重脏心
1	老人性格孤僻
0	僻孤格性人老
1	眼压升高
0	高升压眼
1	淋巴发育不全
0	全不育发巴淋
1	子宫内膜异位
0	位异膜内宫子
1	毛发色淡而呈棕色
0	色棕呈而淡色发毛
1	紧张性手抖
0	抖手性张紧
1	进食异常
0	常异食进
1	呈泡沫样有腥臭味稀便
0	便稀味臭腥有样沫泡呈
1	手掌和足底角化伴多汗
0	汗多伴化角底足和掌手
1	良性溃疡改变
0	变改疡溃性良
1	乳腺内无痛单发的硬肿块
0	块肿硬的发单痛无内腺乳
1	尿流呈波动状
0	状动波呈流尿
1	肩胛带和上肢疼痛
0	痛疼肢上和带胛肩
1	高草酸尿
0	尿酸草高
1	持续高烧
0	烧高续持
1	帕里诺眼-腺综合征
0	征合综腺-眼诺里帕
1	睾丸疼痛
0	痛疼丸睾
1	三凹征
0	征凹三
1	生长过快
0	快过长生
1	血离脉络
0	络脉离血
1	胃排空过快
0	快过空排胃
1	癫痫伴发的神经症
0	症经神的发伴痫癫
1	子宫颈扩张
0	张扩颈宫子
1	耻骨上痛
0	痛上骨耻
1	外斜A征
0	征A斜外
1	肢体障碍
0	碍障体肢
1	容易上火
0	火上易容
1	癌性发热
0	热发性癌
1	上呼吸道粘膜刺激症状
0	状症激刺膜粘道吸呼上
1	腹痛伴恶心、呕吐
0	吐呕、心恶伴痛腹
1	子宫出血
0	血出宫子
1	角膜有菌苔或溃疡
0	疡溃或苔菌有膜角
1	劳累后心悸
0	悸心后累劳
1	膝内翻
0	翻内膝
1	肺泡炎症
0	症炎泡肺
1	白带增多
0	多增带白
1	巩膜穿孔
0	孔穿膜巩
1	阴囊水肿
0	肿水囊阴
1	牵涉性头痛
0	痛头性涉牵
1	汗毛过多
0	多过毛汗
1	神经根激惹症状
0	状症惹激根经神
1	无痛性尿血
0	血尿性痛无
1	髓样癌变
0	变癌样髓
1	口腔血泡
0	泡血腔口
1	腺样体面容
0	容面体样腺
1	眼球偏斜
0	斜偏球眼
1	腊肠趾
0	趾肠腊
1	短暂性眩晕
0	晕眩性暂短
1	双眼难以忍受的奇痒
0	痒奇的受忍以难眼双
1	口粘腻
0	腻粘口
1	痰呈白色黏稠胶冻状
0	状冻胶稠黏色白呈痰
1	侧肋骨痛
0	痛骨肋侧
1	巩膜水肿
0	肿水膜巩
1	神经根刺激
0	激刺根经神
1	烦热
0	热烦
1	疝区的疼痛或坠胀感
0	感胀坠或痛疼的区疝
1	踝及足麻木和有灼痛感
0	感痛灼有和木麻足及踝
1	重力休克
0	克休力重
1	阵发性腹痛
0	痛腹性发阵
1	发热伴眼睛充血
0	血充睛眼伴热发
1	第２肋软骨痛
0	痛骨软肋２第
1	心房游走性节律
0	律节性走游房心
1	目垢增多
0	多增垢目
1	表皮全层坏死及表皮下大疱
0	疱大下皮表及死坏层全皮表
1	疤痕增生
0	生增痕疤
1	痰湿体质
0	质体湿痰
1	绝汗
0	汗绝
1	心功能失代偿
0	偿代失能功心
1	闭症
0	症闭
1	鼻粘膜苍白水肿
0	肿水白苍膜粘鼻
1	硬化
0	化硬
1	顽固性失眠
0	眠失性固顽
1	高抬足
0	足抬高
1	三角头畸形
0	形畸头角三
1	中心静脉压偏低
0	低偏压脉静心中
1	脉搏加速
0	速加搏脉
1	脊柱侧弯
0	弯侧柱脊
1	心悸伴心率异常
0	常异率心伴悸心
1	闭经-乳溢-不育三联征
0	征联三育不-溢乳-经闭
1	膨胀性萎缩纹
0	纹缩萎性胀膨
1	心包积液体征
0	征体液积包心
1	喉部有痰
0	痰有部喉
1	脊髓病变
0	变病髓脊
1	耳漏
0	漏耳
1	对多脂饮食不能耐受
0	受耐能不食饮脂多对
1	视野缩小
0	小缩野视
1	耳垂粘连
0	连粘垂耳
1	阴虚体质
0	质体虚阴
1	肝被膜血肿破裂
0	裂破肿血膜被肝
1	颈椎痛
0	痛椎颈
1	风湿性血管炎
0	炎管血性湿风
1	肾间质受损
0	损受质间肾
1	顽固性肥胖
0	胖肥性固顽
1	皮损可呈角样突起
0	起突样角呈可损皮
1	颈动脉窦性晕厥
0	厥晕性窦脉动颈
1	唇皱褶增多畸形
0	形畸多增褶皱唇
1	半侧面部发育不良
0	良不育发部面侧半
1	胫前指压性水肿
0	肿水性压指前胫
1	手指发僵疼痛
0	痛疼僵发指手
1	营养代谢缺乏
0	乏缺谢代养营
1	注意力缺乏多动症
0	症动多乏缺力意注
1	摩擦型性变态
0	态变性型擦摩
1	产后极度虚弱
0	弱虚度极后产
1	神经异常
0	常异经神
1	下肢麻木
0	木麻肢下
1	脑软化
0	化软脑
1	"5P"征
0	征"P5"
1	体位性震颤
0	颤震性位体
1	婴儿睡觉打鼾
0	鼾打觉睡儿婴
1	疤痕处破损后出现溃疡
0	疡溃现出后损破处痕疤
1	胆囊壁纤维化
0	化维纤壁囊胆
1	反复呕血
0	血呕复反
1	信息成瘾
0	瘾成息信
1	椎节后缘有骨刺形成
0	成形刺骨有缘后节椎
1	先天性乳糖不耐受
0	受耐不糖乳性天先
1	视野向心性缩小
0	小缩性心向野视
1	子痫
0	痫子
1	卵圆孔闭合不全
0	全不合闭孔圆卵
1	关节纤维变性
0	性变维纤节关
1	指甲呈筒形
0	形筒呈甲指
1	皮下气肿
0	肿气下皮
1	药物性肥胖
0	胖肥性物药
1	干呕
0	呕干
1	男型骨盆
0	盆骨型男
1	咳嗽伴胸痛
0	痛胸伴嗽咳
1	张口困难
0	难困口张
1	腰背痛
0	痛背腰
1	肝细胞内脂肪堆积过多
0	多过积堆肪脂内胞细肝
1	恋毛巾被癖
0	癖被巾毛恋
1	职业神经症
0	症经神业职
1	长脉
0	脉长
1	肩部运动受限
0	限受动运部肩
1	皮肤出血点
0	点血出肤皮
1	指甲呈现青紫色
0	色紫青现呈甲指
1	低补体血症
0	症血体补低
1	拒食
0	食拒
1	角膜烧伤
0	伤烧膜角
1	低热消疲
0	疲消热低
1	自发性流产
0	产流性发自
1	骨气臌
0	臌气骨
1	进食过硬的食物口腔损伤
0	伤损腔口物食的硬过食进
1	眼眶缩小
0	小缩眶眼
1	水痘样皮疹
0	疹皮样痘水
1	低热
0	热低
1	局部软组织浸润
0	润浸织组软部局
1	附睾囊肿
0	肿囊睾附
1	肾小球体积增大
0	大增积体球小肾
1	痢疾
0	疾痢
1	子宫内膜增生性病变
0	变病性生增膜内宫子
1	儿童胸廓变形
0	形变廓胸童儿
1	腹膜后纤维化
0	化维纤后膜腹
1	婴儿睡觉出汗
0	汗出觉睡儿婴
1	骨盆损伤
0	伤损盆骨
1	热结节
0	节结热
1	肝功检查胆红素及转氨酶常增高
0	高增常酶氨转及素红胆查检功肝
1	精神变态
0	态变神精
1	肿瘤性脱发
0	发脱性瘤肿
1	盆腔下垂感
0	感垂下腔盆
1	胸腔积液
0	液积腔胸
1	截瘫
0	瘫截
1	鼻部结核
0	核结部鼻
1	肠麻痹软瘫
0	瘫软痹麻肠
1	长段升主动脉发育不全
0	全不育发脉动主升段长
1	肺源性呼吸困难
0	难困吸呼性源肺
1	甲周炎
0	炎周甲
1	瘀斑性环
0	环性斑瘀
1	胸壁塌陷
0	陷塌壁胸
1	输尿管向心偏移
0	移偏心向管尿输
1	尿糖
0	糖尿
1	肛管息肉
0	肉息管肛
1	产后小腹坠痛
0	痛坠腹小后产
1	背脊痛
0	痛脊背
1	窦道相
0	相道窦
1	髋内翻
0	翻内髋
1	上眼睑增厚松弛
0	弛松厚增睑眼上
1	呼吸窘迫综合症
0	症合综迫窘吸呼
1	外阴损伤
0	伤损阴外
1	十二指肠扩张
0	张扩肠指二十
1	内出血
0	血出内
1	支气管分泌物增加
0	加增物泌分管气支
1	逸搏出现
0	现出搏逸
1	流感样症状
0	状症样感流
1	迟脉
0	脉迟
1	面部半球形蓝黑色结节
0	节结色黑蓝形球半部面
1	慢性贫血
0	血贫性慢
1	上半身代偿性多汗症
0	症汗多性偿代身半上
1	尿痛
0	痛尿
1	假孕
0	孕假
1	黑蒙
0	蒙黑
1	孕妇气喘
0	喘气妇孕
1	眶底爆折
0	折爆底眶
1	臀中肌损伤
0	伤损肌中臀
1	上肢周围性瘫痪
0	痪瘫性围周肢上
1	口干
0	干口
1	哭泣样尖叫
0	叫尖样泣哭
1	腹腔积液
0	液积腔腹
1	痰有恶臭味
0	味臭恶有痰
1	肝下垂
0	垂下肝
1	尿道口出现结节状或红色的出血性肿物
0	物肿性血出的色红或状节结现出口道尿
1	讲话频率小
0	小率频话讲
1	肛腺分泌减少
0	少减泌分腺肛
1	心胃的奇怪感觉
0	觉感怪奇的胃心
1	胰岛细胞破坏
0	坏破胞细岛胰
1	智力发育迟缓
0	缓迟育发力智
1	乳腺囊性增生
0	生增性囊腺乳
1	角弓反张位
0	位张反弓角
1	顺行性遗忘
0	忘遗性行顺
1	宫颈水肿
0	肿水颈宫
1	眉弓囊肿
0	肿囊弓眉
1	珍珠丘疹
0	疹丘珠珍
1	结脉
0	脉结
1	子宫有局限性轻压痛
0	痛压轻性限局有宫子
1	暴发性痛
0	痛性发暴
1	一过性肉眼血尿
0	尿血眼肉性过一
1	巨痣症
0	症痣巨
1	皮肤黑变
0	变黑肤皮
1	觉醒状态丧失
0	失丧态状醒觉
1	死骨
0	骨死
1	粥样泻
0	泻样粥
1	体毛脱落
0	落脱毛体
1	束臂试验阳性
0	性阳验试臂束
1	巩膜出血
0	血出膜巩
1	逐渐加重的右侧腹痛
0	痛腹侧右的重加渐逐
1	脉络膜凹陷
0	陷凹膜络脉
1	弥漫性血管角化
0	化角管血性漫弥
1	身痛
0	痛身
1	类似荨麻疹的皮肤潮红斑块
0	块斑红潮肤皮的疹麻荨似类
1	滑膜发炎
0	炎发膜滑
1	暴牙
0	牙暴
1	自觉汗臭
0	臭汗觉自
1	肺部出血
0	血出部肺
1	胎膜早破
0	破早膜胎
1	日轻夜重的瘙痒
0	痒瘙的重夜轻日
1	腋部掌心出汗
0	汗出心掌部腋
1	遗尿
0	尿遗
1	上肢外展上举困难
0	难困举上展外肢上
1	胫骨压痛
0	痛压骨胫
1	鼻尖上翘呈马鞍状
0	状鞍马呈翘上尖鼻
1	小儿双下肢蜷曲
0	曲蜷肢下双儿小
1	运动损伤
0	伤损动运
1	年轻女性心悸胸闷
0	闷胸悸心性女轻年
1	颅底畸形
0	形畸底颅
1	器质性神经损害
0	害损经神性质器
1	白天嗜睡夜间失眠
0	眠失间夜睡嗜天白
1	淋巴结退化
0	化退结巴淋
1	近事遗忘现象
0	象现忘遗事近
1	关节囊损伤
0	伤损囊节关
1	胸膜增厚粘连
0	连粘厚增膜胸
1	增加的黑点
0	点黑的加增
1	婴儿脊柱侧凸
0	凸侧柱脊儿婴
1	耻骨直肠肌痉挛性肥大
0	大肥性挛痉肌肠直骨耻
1	先天性虹膜缺乏
0	乏缺膜虹性天先
1	手掌呈黄色
0	色黄呈掌手
1	胼胝体发育不良
0	良不育发体胝胼
1	腹部皮肤梅干样皱纹
0	纹皱样干梅肤皮部腹
1	腕部肿胀压痛
0	痛压胀肿部腕
1	关节强直
0	直强节关
1	桥脑梗塞
0	塞梗脑桥
1	指甲厚脆且多裂纹
0	纹裂多且脆厚甲指
1	心脏震颤
0	颤震脏心
1	混浊尿
0	尿浊混
1	不全流产
0	产流全不
1	肾性尿崩
0	崩尿性肾
1	色素斑
0	斑素色
1	色素异常
0	常异素色
1	电击样剧痛
0	痛剧样击电
1	舌肌萎缩
0	缩萎肌舌
1	外阴皮肤肿胀
0	胀肿肤皮阴外
1	深黄色或带绿色的水样便
0	便样水的色绿带或色黄深
1	心动过缓
0	缓过动心
1	发作性眩晕
0	晕眩性作发
1	声门短而窄
0	窄而短门声
1	冠状动脉窃血现象
0	象现血窃脉动状冠
1	头大畸形
0	形畸大头
1	小儿干咳
0	咳干儿小
1	巨肠症
0	症肠巨
1	听力下降
0	降下力听
1	角栓
0	栓角
1	低温性昏迷
0	迷昏性温低
1	露出骨头的骨折
0	折骨的头骨出露
1	生理盲点扩大
0	大扩点盲理生
1	进行性肉芽性溃疡坏死
0	死坏疡溃性芽肉性行进
1	近视散光
0	光散视近
1	肝脏轻度脂肪变性
0	性变肪脂度轻脏肝
1	心搏漏跳
0	跳漏搏心
1	尿中磷酸盐排出增多
0	多增出排盐酸磷中尿
1	深部性头痛
0	痛头性部深
1	黏液尿
0	尿液黏
1	颈内动脉创伤性血栓
0	栓血性伤创脉动内颈
1	淋巴结疼痛
0	痛疼结巴淋
1	阑尾组织纤维化
0	化维纤织组尾阑
1	溶血性黄疸
0	疸黄性血溶
1	精囊缩小
0	小缩囊精
1	血瘀体质
0	质体瘀血
1	熊猫眼
0	眼猫熊
1	皮下组织水肿
0	肿水织组下皮
1	丘疹
0	疹丘
1	重落地
0	地落重
1	肺动脉瓣狭窄杂音
0	音杂窄狭瓣脉动肺
1	心包压塞
0	塞压包心
1	溶血现象
0	象现血溶
1	手抽筋
0	筋抽手
1	夜间肩痛
0	痛肩间夜
1	言语中断
0	断中语言
1	皮肤呈黄绿或绿褐色
0	色褐绿或绿黄呈肤皮
1	面部畸形
0	形畸部面
1	黏膜损害
0	害损膜黏
1	脐湿
0	湿脐
1	过度通气
0	气通度过
1	小书写症
0	症写书小
1	痛性阴茎勃起
0	起勃茎阴性痛
1	精神运动性兴奋
0	奋兴性动运神精
1	四肢无力
0	力无肢四
1	神经性尿频
0	频尿性经神
1	下肢的感觉
0	觉感的肢下
1	无故发笑
0	笑发故无
1	下蹲困难
0	难困蹲下
1	软骨发育不良与骨骼畸形
0	形畸骼骨与良不育发骨软
1	面具脸
0	脸具面
1	咯血伴发热
0	热发伴血咯
1	水泻伴低血钾
0	钾血低伴泻水
1	支气管狭窄
0	窄狭管气支
1	压迫瘘口试验
0	验试口瘘迫压
1	脑室受压移位
0	位移压受室脑
1	口唇潮红
0	红潮唇口
1	肾血管畸形
0	形畸管血肾
1	下肢拖曳步态
0	态步曳拖肢下
1	软组织感染
0	染感织组软
1	虚汗
0	汗虚
1	同向性偏盲
0	盲偏性向同
1	坏死性筋膜炎
0	炎膜筋性死坏
1	骨骼表面向外突出
0	出突外向面表骼骨
1	食量增加
0	加增量食
1	晶状体铁质沉着
0	着沉质铁体状晶
1	脱皮
0	皮脱
1	生理性萎缩
0	缩萎性理生
1	腕银叉状畸形
0	形畸状叉银腕
1	继发性闭经
0	经闭性发继
1	脸部大小不一
0	一不小大部脸
1	泛恶欲吐
0	吐欲恶泛
1	捕蝇舌征
0	征舌蝇捕
1	粘膜有粘着性白斑
0	斑白性着粘有膜粘
1	低血糖性低温症
0	症温低性糖血低
1	喝酒后胃疼
0	疼胃后酒喝
1	脑白质萎缩
0	缩萎质白脑
1	指(趾)甲点状凹陷
0	陷凹状点甲)趾(指
1	腹壁不自主轴动
0	动轴主自不壁腹
1	肢体不自主震颤
0	颤震主自不体肢
1	腋毛毛干上有微小结节
0	节结小微有上干毛毛腋
1	小儿前囟凹陷
0	陷凹囟前儿小
1	嗜酸细胞增加
0	加增胞细酸嗜
1	读小字和辨色困难
0	难困色辨和字小读
1	经期出血
0	血出期经
1	血管杂音
0	音杂管血
1	双耳廓发育不全
0	全不育发廓耳双
1	口腔幻触
0	触幻腔口
1	睡瘫症
0	症瘫睡
1	阴茎样尿道
0	道尿样茎阴
1	血性耳漏
0	漏耳性血
1	前列腺缩小变硬
0	硬变小缩腺列前
1	喉头发紧
0	紧发头喉
1	齿龈铅线
0	线铅龈齿
1	角膜溃疡
0	疡溃膜角
1	颈部疼痛
0	痛疼部颈
1	面部浮肿
0	肿浮部面
1	老年性眩晕
0	晕眩性年老
1	管性呼吸音
0	音吸呼性管
1	肥厚瘢痕
0	痕瘢厚肥
1	自发性骨折
0	折骨性发自
1	轻度精神发育迟滞
0	滞迟育发神精度轻
1	内分泌功能亢进
0	进亢能功泌分内
1	感觉过度
0	度过觉感
1	体液潴留
0	留潴液体
1	骨质磨损有骨赘增生
0	生增赘骨有损磨质骨
1	耳廓痛
0	痛廓耳
1	夜间磨牙
0	牙磨间夜
1	病理性钙化
0	化钙性理病
1	桥脑出血
0	血出脑桥
1	胃肠道功能不好
0	好不能功道肠胃
1	麻醉药中毒
0	毒中药醉麻
1	齿龈炎
0	炎龈齿
1	吸气困难
0	难困气吸
1	月经推迟
0	迟推经月
1	光感性皮肤损害
0	害损肤皮性感光
1	产后口渴
0	渴口后产
1	偏盲
0	盲偏
1	面部水肿
0	肿水部面
1	蜕膜残留
0	留残膜蜕
1	软腭有疤痕
0	痕疤有腭软
1	散脉
0	脉散
1	肋痛
0	痛肋
1	性施虐癖
0	癖虐施性
1	前房色素沉积
0	积沉素色房前
1	行走后小腿肌肉痉挛
0	挛痉肉肌腿小后走行
1	尿道黏膜外翻
0	翻外膜黏道尿
1	间歇性尿蛋白
0	白蛋尿性歇间
1	毛发增多
0	多增发毛
1	尿内出现蛋白及管型
0	型管及白蛋现出内尿
1	胸部长痘
0	痘长部胸
1	小胆管扭曲
0	曲扭管胆小
1	掌跖角化过度
0	度过化角跖掌
1	踝膝关节积液
0	液积节关膝踝
1	增生性骨膜炎
0	炎膜骨性生增
1	混合型酸碱平衡紊乱
0	乱紊衡平碱酸型合混
1	阴茎硬结
0	结硬茎阴
1	全身皮肤充血
0	血充肤皮身全
1	前臂旋转痛
0	痛转旋臂前
1	心脏转移
0	移转脏心
1	迷恋足部或鞋袜
0	袜鞋或部足恋迷
1	术后急性精神障碍
0	碍障神精性急后术
1	品行障碍
0	碍障行品
1	酒精中毒性嫉妒妄想
0	想妄妒嫉性毒中精酒
1	钟摆征
0	征摆钟
1	癌症晚期胃肠道症状
0	状症道肠胃期晚症癌
1	营养不良
0	良不养营
1	口干舌燥
0	燥舌干口
1	胁部肿胀
0	胀肿部胁
1	眼球上翻并固定
0	定固并翻上球眼
1	手指甲有白色斑点
0	点斑色白有甲指手
1	关节挛缩
0	缩挛节关
1	视力常呈雾状模糊感
0	感糊模状雾呈常力视
1	右上腹持续性剧痛并向右肩部放射
0	射放部肩右向并痛剧性续持腹上右
1	导水管周围受损
0	损受围周管水导
1	肌腱端炎
0	炎端腱肌
1	嗜酒
0	酒嗜
1	心脏穿透性损伤
0	伤损性透穿脏心
1	头昏
0	昏头
1	智力减低
0	低减力智
1	皮肤表面常出现大小不一散在性血泡
0	泡血性在散一不小大现出常面表肤皮
1	骨髓象左移现象
0	象现移左象髓骨
1	骨端增大
0	大增端骨
1	被动体位
0	位体动被
1	下腹坠胀
0	胀坠腹下
1	肢体或躯干麻木
0	木麻干躯或体肢
1	吞咽障碍
0	碍障咽吞
1	皮肤轻度糜烂
0	烂糜度轻肤皮
1	含铁血黄素沉着症
0	症着沉素黄血铁含
1	手部急性化脓性感染
0	染感性脓化性急部手
1	食道粘膜水肿充血
0	血充肿水膜粘道食
1	上颈髓区病变
0	变病区髓颈上
1	无腋毛
0	毛腋无
1	焦痂性烧伤
0	伤烧性痂焦
1	颧红盗汗
0	汗盗红颧
1	耳廓腹侧面局限性囊肿
0	肿囊性限局面侧腹廓耳
1	梦游症
0	症游梦
1	啤酒肚
0	肚酒啤
1	胸口闪电疼痛
0	痛疼电闪口胸
1	指甲异常
0	常异甲指
1	无胡须
0	须胡无
1	酒精性胃黏膜损伤
0	伤损膜黏胃性精酒
1	味觉异常
0	常异觉味
1	排尿障碍
0	碍障尿排
1	乳房肿块
0	块肿房乳
1	肛门坠胀
0	胀坠门肛
1	肠鸣
0	鸣肠
1	恶心与呕吐
0	吐呕与心恶
1	伤寒面容
0	容面寒伤
1	奇脉
0	脉奇
1	股动脉枪击音
0	音击枪脉动股
1	第1跖趾关节疼痛和肿大
0	大肿和痛疼节关趾跖1第
1	定位体征
0	征体位定
1	饱食后胸痛
0	痛胸后食饱
1	皮肤粗糙
0	糙粗肤皮
1	视乳头水肿
0	肿水头乳视
1	男性小腹坠痛
0	痛坠腹小性男
1	腹部肿块
0	块肿部腹
1	Q角异常
0	常异角Q
1	外阴萎缩
0	缩萎阴外
1	面色苍白
0	白苍色面
1	角巩膜葡萄肿
0	肿萄葡膜巩角
1	婴儿热痱
0	痱热儿婴
1	脑衰弱综合征
0	征合综弱衰脑
1	阴阳气血失衡
0	衡失血气阳阴
1	细菌的混合感染
0	染感合混的菌细
1	拳状手畸形
0	形畸手状拳
1	思维紊乱
0	乱紊维思
1	入睡困难
0	难困睡入
1	孕妇胸闷气短
0	短气闷胸妇孕
1	模仿性自动症
0	症动自性仿模
1	听骨畸形
0	形畸骨听
1	受伤后易产生瘢痕
0	痕瘢生产易后伤受
1	痰检或可找到丝状蚴
0	蚴状丝到找可或检痰
1	劳力性呼吸困难
0	难困吸呼性力劳
1	皮肤转移
0	移转肤皮
1	枕叶受损
0	损受叶枕
1	组胺性面红
0	红面性胺组
1	眼眶异物
0	物异眶眼
1	烧伤创面粪臭味分泌物
0	物泌分味臭粪面创伤烧
1	盲袋阴道
0	道阴袋盲
1	睡过之后精力没有恢复
0	复恢有没力精后之过睡
1	血流不畅
0	畅不流血
1	滑膜黑染
0	染黑膜滑
1	听觉过敏
0	敏过觉听
1	股前外侧麻木、蚁行感
0	感行蚁、木麻侧外前股
1	排尿不畅
0	畅不尿排
1	颌骨关节痛
0	痛节关骨颌
1	附睾肿大发硬
0	硬发大肿睾附
1	延髓出血
0	血出髓延
1	肌肉萎缩
0	缩萎肉肌
1	宫腔积血
0	血积腔宫
1	眶上裂综合征
0	征合综裂上眶
1	一过性脑缺血
0	血缺脑性过一
1	肺门增宽
0	宽增门肺
1	空洞形成
0	成形洞空
1	心排血量减少
0	少减量血排心
1	行为及情绪异常
0	常异绪情及为行
1	虹膜发炎
0	炎发膜虹
1	小儿发热
0	热发儿小
1	室颤阈值降低
0	低降值阈颤室
1	脑膜刺激征
0	征激刺膜脑
1	流涎
0	涎流
1	脊髓的浸润
0	润浸的髓脊
1	宫颈肥大
0	大肥颈宫
1	突肤挺胸
0	胸挺肤突
1	肝区血管杂音
0	音杂管血区肝
1	阴道黏膜膨胀
0	胀膨膜黏道阴
1	嗅觉丧失
0	失丧觉嗅
1	肛周皮肤潮红
0	红潮肤皮周肛
1	食欲减退
0	退减欲食
1	能量不足
0	足不量能
1	抗卵巢抗体阳性
0	性阳体抗巢卵抗
1	三叉神经分布区麻木感
0	感木麻区布分经神叉三
1	肾阴虚
0	虚阴肾
1	咽颊部烧伤
0	伤烧部颊咽
1	绝经年龄过迟
0	迟过龄年经绝
1	胸膈间烧灼嘈杂感
0	感杂嘈灼烧间膈胸
1	肌无力危象
0	象危力无肌
1	心跳过速
0	速过跳心
1	头部震颤
0	颤震部头
1	颞骨隆起
0	起隆骨颞
1	脉压增宽
0	宽增压脉
1	碰撞后皮肤容易青紫
0	紫青易容肤皮后撞碰
1	眼球浮动现象
0	象现动浮球眼
1	心室扑动
0	动扑室心
1	围产期心肌病变
0	变病肌心期产围
1	舌骨区有肿胀压痛
0	痛压胀肿有区骨舌
1	皮炎
0	炎皮
1	近曲小管受累
0	累受管小曲近
1	红眼
0	眼红
1	胚胎发育慢
0	慢育发胎胚
1	皮肤粘膜色素斑
0	斑素色膜粘肤皮
1	胸骨隆凸
0	凸隆骨胸
1	孤独症
0	症独孤
1	经前综合症
0	症合综前经
1	太阳穴胀痛
0	痛胀穴阳太
1	进行性肝缩小
0	小缩肝性行进
1	阴道入口粘膜撕裂
0	裂撕膜粘口入道阴
1	发热及黄疸
0	疸黄及热发
1	肛周软瘊
0	瘊软周肛
1	食指半月甲呈粉红色
0	色红粉呈甲月半指食
1	头或颈部发胀及跳动感
0	感动跳及胀发部颈或头
1	肢体栓塞
0	塞栓体肢
1	糖激素依赖
0	赖依素激糖
1	产后月经不再来潮
0	潮来再不经月后产
1	早孕反应重
0	重应反孕早
1	脑白质变性
0	性变质白脑
1	尿钙增多
0	多增钙尿
1	尿液中有稠厚胶样物
0	物样胶厚稠有中液尿
1	主动脉弓右位
0	位右弓脉动主
1	眼睑闭合不全
0	全不合闭睑眼
1	足跟蓝黑色或黑色斑点
0	点斑色黑或色黑蓝跟足
